"","X","X.1","volume","mission.number","church","page","city","state","start.date","end.date","communion.general","converts","diocese","communion.adults","communion.children","order","parish.population","parish.population.english","location.population","adult.confirmations","location","location_precise","geo.lon","geo.lat","geo.lon.1","geo.lat.1"
"1",197,139,2,NA,"Assumption Church",6,"Philadelphia","PA","2/15/1863","2/26/1863",1500,"","",NA,"","Paulist",NA,NA,NA,NA,"Philadelphia PA","Assumption Church Philadelphia PA",-75.163789,39.952335,-75.163789,39.952335
"2",23,82,1,82,"",153,"Brandon","VT","2/7/1858","2/11/1858",277,"","Burlington",NA,"","Redemptorist",NA,NA,NA,NA,"Brandon VT"," Brandon VT",-73.087648,43.7981572,-73.087648,43.7981572
"3",27,158,2,NA,"",31,"Brighton","MA","11/17/1864","11/17/1864",700,"3","",NA,"","Paulist",NA,NA,NA,NA,"Brighton MA"," Brighton MA",-71.1626756,42.3463503,-71.1626756,42.3463503
"4",28,290,NA,NA,"",219,"Brockton","MA","4/28/1878","5/6/1878",2322,"7","Boston",NA,"","",NA,NA,NA,NA,"Brockton MA"," Brockton MA",-71.0183787,42.0834335,-71.0183787,42.0834335
"5",37,50,1,50,"",79,"Canandagua","NY","9/9/1855","9/17/1855",700,"","Buffalo",NA,"","Redemptorist",NA,NA,NA,NA,"Canandagua NY"," Canandagua NY",-77.2816984,42.887535,-77.2816984,42.887535
"6",113,112,1,26,"Cathedral",251,"Kingston","ON","4/15/1860","4/25/1860",2640,"5","Kingston",NA,"","Paulist",NA,NA,NA,NA,"Kingston ON","Cathedral Kingston ON",-76.4859544,44.2311717,-76.4829996,44.2293143
"7",11,24,1,24,"Cathedral of Baltimore",45,"Baltimore","MD","4/10/1853","4/24/1853",4500,"","Baltimore",NA,"","Redemptorist",NA,NA,NA,NA,"Baltimore MD","Cathedral of Baltimore Baltimore MD",-76.6121893,39.2903848,-76.6245513,39.3577602
"8",34,80,1,80,"Cathedral of Burlington",148,"Burlington","VT","1/10/1858","1/18/1858",1400,"2","Burlington",NA,"","Redemptorist",NA,NA,NA,NA,"Burlington VT","Cathedral of Burlington Burlington VT",-73.212072,44.4758825,-73.2148647,44.4797433
"9",209,89,1,3,"Cathedral of Ss. Peter & Paul",178,"Providence","RI","9/19/1858","10/1/1858",4430,"","",NA,"","Paulist",NA,NA,NA,NA,"Providence RI","Cathedral of Ss. Peter & Paul Providence RI",-71.4128343,41.8239891,-86.1572423,39.7851423
"10",42,71,1,71,"Cathedral of St. John and St. Finabarr",129,"Charleston","SC","1/25/1857","2/8/1857",3100,"20","Charleston",NA,"200","Redemptorist",NA,NA,NA,NA,"Charleston SC","Cathedral of St. John and St. Finabarr Charleston SC",-79.9309216,32.7765656,-79.9309216,32.7765656
"11",64,181,2,NA,"Cathedral of St. Joseph",68,"Columbus","OH","4/20/1873","4/29/1873",2100,"","Columbus",NA,"","Paulist",NA,NA,NA,NA,"Columbus OH","Cathedral of St. Joseph Columbus OH",-82.9987942,39.9611755,-82.9946273,39.96312
"12",258,225,2,NA,"Cathedral of St. Paul",127,"St. Paul","MN","10/3/1875","10/17/1875",2100,"6","",NA,"","Paulist",NA,NA,NA,NA,"St. Paul MN","Cathedral of St. Paul St. Paul MN",-93.0899578,44.9537029,-93.1083745,44.9469229
"13",260,235,2,NA,"Cathedral of St. Paul",141,"St. Paul","MN","9/10/1876","9/14/1876",1500,"","",NA,"","Paulist",NA,NA,NA,NA,"St. Paul MN","Cathedral of St. Paul St. Paul MN",-93.0899578,44.9537029,-93.1083745,44.9469229
"14",123,19,1,19,"Cathedral of the Assumption",38,"Louisville","KY","10/17/1852","10/31/1852",2000,"several","Louisville",NA,"","Redemptorist",NA,NA,NA,NA,"Louisville KY","Cathedral of the Assumption Louisville KY",-85.7584557,38.2526647,-85.7588526,38.2519196
"15",21,140,2,NA,"Cathedral of the Holy Cross",7,"Boston","MA","3/8/1863","3/17/1863",3000,"","Boston",NA,"","Paulist",NA,NA,NA,NA,"Boston MA","Cathedral of the Holy Cross Boston MA",-71.0597732,42.3584308,-71.0694955,42.3406533
"16",46,144,2,NA,"Cathedral of the Holy Name",11,"Chicago","IL","10/4/1863","10/14/1863",2600,"8","Chicago",NA,"","Paulist",NA,NA,NA,NA,"Chicago IL","Cathedral of the Holy Name Chicago IL",-87.6297982,41.8781136,-87.6277039,41.8959355
"17",2,20,1,20,"Cathedral of the Immaculate Conception",39,"Albany","NY","11/28/1852","12/12/1852",4500,"several","Albany",NA,"","Redemptorist",NA,NA,NA,NA,"Albany NY","Cathedral of the Immaculate Conception Albany NY",-73.7562317,42.6525793,-73.7595471,42.6474626
"18",136,35,1,35,"Cathedral of the Immaculate Conception",62,"Mobile","AL","3/4/1854","3/16/1854",1300,"2","Mobile",NA,"","Redemptorist",NA,NA,NA,NA,"Mobile AL","Cathedral of the Immaculate Conception Mobile AL",-88.0430541,30.6943566,-88.0458623,30.6899749
"19",253,101,1,15,"Cathedral of the Immaculate Conception",223,"St. John","NB","9/4/1859","9/15/1859",8450,"6","Halifax",NA,"","Paulist",NA,NA,NA,NA,"St. John NB","Cathedral of the Immaculate Conception St. John NB",-66.0633081,45.2733153,-66.0560685,45.2781549
"20",18,162,2,NA,"Church of Immaculate Conception",35,"Birmingham","CT","2/12/1865","2/20/1865",1600,"1","Hartford",NA,"","Paulist",NA,NA,NA,NA,"Birmingham CT","Church of Immaculate Conception Birmingham CT",-83.2113192,42.5467012,-73.087749,41.6032207
"21",204,154,2,NA,"Church of Immaculate Conception",25,"Port Jervis","NY","9/11/1864","9/21/1864",750,"1","",NA,"","Paulist",NA,NA,NA,NA,"Port Jervis NY","Church of Immaculate Conception Port Jervis NY",-74.692663,41.3750937,-74.6903883,41.3732143
"22",225,222,2,NA,"Church of Mary Magdalen",124,"Salt Lake City","UT","6/20/1875","6/27/1875",75,"1","",NA,"","Paulist",NA,NA,NA,NA,"Salt Lake City UT","Church of Mary Magdalen Salt Lake City UT",-111.8910474,40.7607793,-111.8910474,40.7607793
"23",244,257,2,NA,"Church of Our Lady, Help of Christians",165,"Sioux City","IA","12/3/1876","12/13/1876",750,"6","Dubuque",NA,"","",NA,NA,NA,NA,"Sioux City IA","Church of Our Lady, Help of Christians Sioux City IA",-96.4003069,42.4999942,-96.4003069,42.4999942
"24",61,75,1,75,"Church of Our Lady of Loretto",138,"Cold Spring","NY","10/11/1857","10/18/1857",800,"2","",NA,"","Redemptorist",NA,NA,NA,NA,"Cold Spring NY","Church of Our Lady of Loretto Cold Spring NY",-73.954583,41.4200937,-73.9594053,41.4192873
"25",203,143,2,NA,"Church of Our Lady of Mercy",10,"Port Chester","NY","9/13/1863","9/21/1863",710,"1","New York",NA,"","Paulist",NA,NA,NA,NA,"Port Chester NY","Church of Our Lady of Mercy Port Chester NY",-73.6656834,41.0017643,-73.6656834,41.0017643
"26",67,273,NA,NA,"Church of OUr Lady of Perpetual Help",196,"Defiance","OH","9/30/1877","10/10/1877",450,"1","",NA,"","",NA,NA,NA,NA,"Defiance OH","Church of OUr Lady of Perpetual Help Defiance OH",-84.3557802,41.2844933,-84.3557802,41.2844933
"27",76,42,1,42,"Church of Our Lady of the Mountain",68,"Emmitsburg","MD","11/19/1854","11/26/1854",500,"","Baltimore",NA,"","Redemptorist",NA,NA,NA,NA,"Emmitsburg MD","Church of Our Lady of the Mountain Emmitsburg MD",-77.3269307,39.7045417,-77.3269307,39.7045417
"28",30,56,1,56,"Church of OUr Lady Start of the Sea",87,"Brooklyn","NY","2/3/1856","2/17/1856",2800,"1","New York",NA,"","Redemptorist",NA,3500,NA,NA,"Brooklyn NY","Church of OUr Lady Start of the Sea Brooklyn NY",-73.95,40.65,-73.95,40.65
"29",234,214,2,NA,"Church of San Rafael",115,"San Rafael","CA","3/21/1875","3/28/1875",360,"9","",NA,"","Paulist",NA,NA,NA,NA,"San Rafael CA","Church of San Rafael San Rafael CA",-122.5310874,37.9735346,-122.5339849,37.9920951
"30",93,256,2,NA,"Church of Ss. Peter and Paul",164,"Hart","MN","11/26/1876","11/29/1876",215,"2","",NA,"","Paulist",NA,NA,NA,NA,"Hart MN","Church of Ss. Peter and Paul Hart MN",-91.7398706,43.8755194,-94.6858998,46.729553
"31",227,174,2,NA,"Church of Ss. Peter and Paul",58,"Sandusky","OH","11/24/1872","12/3/1872",1500,"2","Cleveland",NA,"","Paulist",NA,NA,NA,NA,"Sandusky OH","Church of Ss. Peter and Paul Sandusky OH",-82.7079605,41.4489396,-82.7079605,41.4489396
"32",125,166,2,NA,"Church of St. Ann",39,"Manchester","NH","9/24/1865","10/5/1865",2600,"","",NA,"","Paulist",NA,NA,NA,NA,"Manchester NH","Church of St. Ann Manchester NH",-71.4547891,42.9956397,-71.4547891,42.9956397
"33",283,285,NA,NA,"Church of St. Antony of Padua",212,"White River Junction","VT","3/10/1878","3/17/1878",550,"2","",NA,"","",NA,NA,NA,NA,"White River Junction VT","Church of St. Antony of Padua White River Junction VT",-72.3192579,43.6489596,-72.3192579,43.6489596
"34",120,191,2,NA,"Church of St. Bridget",82,"Lexington","MA","1/4/1874","1/13/1874",400,"4","Boston",NA,"","Paulist",NA,NA,NA,NA,"Lexington MA","Church of St. Bridget Lexington MA",-71.2289641,42.4430372,-71.2289641,42.4430372
"35",182,288,NA,NA,"Church of St. Bridget",216,"North Manchester","CT","5/5/1878","5/5/1878",645,"1","Hartford",NA,"","",NA,NA,NA,NA,"North Manchester CT","Church of St. Bridget North Manchester CT",-72.5215009,41.7759301,-72.5250868,41.7914878
"36",41,275,NA,NA,"Church of St. Charles Borromeo",198,"Charleston","IL","10/28/1877","11/4/1877",160,"0","Alton",NA,"","",NA,NA,NA,NA,"Charleston IL","Church of St. Charles Borromeo Charleston IL",-88.1761521,39.4961458,-88.1725407,39.4969791
"37",251,255,2,NA,"Church of St. Charles Borromeo",163,"St. Charles","MN","11/19/1876","11/24/1876",375,"1","",NA,"","Paulist",NA,NA,NA,NA,"St. Charles MN","Church of St. Charles Borromeo St. Charles MN",-92.064194,43.9694165,-92.064194,43.9694165
"38",271,252,2,NA,"Church of St. Felix of Valois",159,"Wabasha","MN","10/22/1876","10/29/1876",470,"1","",NA,"","Paulist",NA,NA,NA,NA,"Wabasha MN","Church of St. Felix of Valois Wabasha MN",-92.0382346,44.3710051,-92.0382346,44.3710051
"39",133,163,2,NA,"Church of St. Gregory Thaumaturgus",36,"Milton","MA","3/12/1865","3/19/1865",1200,"1","",NA,"","Paulist",NA,NA,NA,NA,"Milton MA","Church of St. Gregory Thaumaturgus Milton MA",-71.0661653,42.2495321,-71.0661653,42.2495321
"40",134,170,2,NA,"Church of St. Gregory Thaumaturgus",54,"Milton","MA","2/25/1872","3/3/1872",2000,"","",NA,"","Paulist",NA,NA,NA,NA,"Milton MA","Church of St. Gregory Thaumaturgus Milton MA",-71.0661653,42.2495321,-71.0661653,42.2495321
"41",223,160,2,NA,"Church of St. James",33,"Salem","MA","1/1/1865","1/11/1865",2551,"11","",NA,"","Paulist",NA,NA,NA,NA,"Salem MA","Church of St. James Salem MA",-70.8967155,42.51954,-70.8967155,42.51954
"42",248,289,NA,NA,"Church of St. James",217,"South Manchester","CT","5/5/1878","5/12/1878",845,"1","Hartford",NA,"","",NA,NA,NA,NA,"South Manchester CT","Church of St. James South Manchester CT",-72.5215009,41.7759301,-72.5210077,41.7699797
"43",110,4,1,4,"Church of St. John Evangelist",12,"Johnstown","PA","5/31/1851","6/8/1851",1000,"","Pittsburgh",NA,"","Redemptorist",1500,NA,NA,NA,"Johnstown PA","Church of St. John Evangelist Johnstown PA",-78.9219698,40.3267407,-78.9219698,40.3267407
"44",139,165,2,NA,"Church of St. John",38,"Newark","NJ","5/7/1865","5/14/1865",1400,"","",NA,"","Paulist",NA,NA,NA,NA,"Newark NJ","Church of St. John Newark NJ",-74.1723667,40.735657,-74.1659776,40.738157
"45",38,188,2,NA,"Church of St. John the Baptist",79,"Canton","OH","11/16/1873","11/25/1873",700,"22","",NA,"","Paulist",NA,NA,NA,NA,"Canton OH","Church of St. John the Baptist Canton OH",-81.378447,40.7989473,-81.3773358,40.803114
"46",264,150,2,NA,"Church of St. John the Baptist",18,"Trenton","NJ","2/28/1864","3/10/1864",2800,"10","",NA,"","Paulist",NA,NA,NA,NA,"Trenton NJ","Church of St. John the Baptist Trenton NJ",-74.7429384,40.2170534,-74.7429384,40.2170534
"47",19,175,2,NA,"Church of St. John the Evangelist",59,"Birmingham","PA","12/8/1872","12/18/1872",2150,"","",NA,"","Paulist",NA,NA,NA,NA,"Birmingham PA","Church of St. John the Evangelist Birmingham PA",-78.1952892,40.6478421,-78.1952892,40.6478421
"48",112,194,2,NA,"Church of St. Joseph",87,"Kingston","NY","2/22/1874","3/2/1874",1400,"1","",NA,"","Paulist",NA,NA,NA,NA,"Kingston NY","Church of St. Joseph Kingston NY",-73.9973608,41.9270367,-74.018918,41.932143
"49",262,261,NA,NA,"Church of St. Lucy",172,"Syracuse","NY","1/21/1877","1/30/1877",1500,"5","",NA,"","",NA,NA,NA,NA,"Syracuse NY","Church of St. Lucy Syracuse NY",-76.1474244,43.0481221,-76.1622132,43.0435794
"50",3,178,2,NA,"Church of St. Mary",63,"Albany","NY","2/2/1873","2/12/1873",2780,"2","Albany",NA,"","Paulist",NA,NA,NA,NA,"Albany NY","Church of St. Mary Albany NY",-73.7562317,42.6525793,-73.7529264,42.6519352
"51",59,164,2,NA,"Church of St. Mary",37,"Clifton, Staten Island","NY","3/26/1865","4/4/1865",1600,"13","New York",NA,"","Paulist",NA,NA,NA,NA,"Clifton, Staten Island NY","Church of St. Mary Clifton, Staten Island NY",-74.0784785,40.6189726,-74.0784785,40.6189726
"52",62,167,2,NA,"Church of St. Mary",41,"Cold Spring","NY","10/29/1865","11/5/1865",721,"","New York",NA,"","Paulist",NA,NA,NA,NA,"Cold Spring NY","Church of St. Mary Cold Spring NY",-73.954583,41.4200937,-73.9547831,41.4199105
"53",89,201,2,NA,"Church of St. Mary",95,"Greenwood","NY","5/10/1874","5/17/1874",260,"","",NA,"","Paulist",NA,NA,NA,NA,"Greenwood NY","Church of St. Mary Greenwood NY",-77.6483236,42.13507,-77.6602684,42.0825696
"54",115,156,2,NA,"Church of St. Mary",27,"Lancaster","OH","10/23/1864","10/31/1864",800,"3","",NA,"","Paulist",NA,NA,NA,NA,"Lancaster OH","Church of St. Mary Lancaster OH",-82.5993294,39.7136754,-82.5989869,39.712577
"55",190,277,NA,NA,"Church of St. Mary",200,"Paris","IL","11/18/1877","11/25/1877",462,"2","Alton",NA,"","",NA,NA,NA,NA,"Paris IL","Church of St. Mary Paris IL",-87.6961374,39.611146,-87.6947379,39.6181212
"56",212,176,2,NA,"Church of St. Mary",60,"Randolph","MA","12/29/1872","1/5/1873",1600,"2","",NA,"","Paulist",NA,NA,NA,NA,"Randolph MA","Church of St. Mary Randolph MA",-71.042551,42.1619739,-71.042551,42.1619739
"57",256,278,NA,NA,"Church of St. Mary's",201,"St. Mary's of the Woods","IN","11/25/1877","12/4/1877",315,"5","Vincennes",NA,"","",NA,NA,NA,NA,"St. Mary's of the Woods IN","Church of St. Mary's St. Mary's of the Woods IN",-78.6943955,35.7491283,-78.6119839,35.709468
"58",25,193,2,NA,"Church of St. Michael",84,"Brattleboro","VT","2/8/1874","2/15/1874",570,"2","",NA,"","Paulist",NA,NA,NA,NA,"Brattleboro VT","Church of St. Michael Brattleboro VT",-72.5578619,42.8509348,-72.55775,42.85987
"59",109,234,2,NA,"Church of St. Michael",139,"Jersey City","NJ","4/23/1876","5/7/1876",5000,"7","",NA,"","Paulist",NA,NA,NA,NA,"Jersey City NJ","Church of St. Michael Jersey City NJ",-74.0776417,40.7281575,-74.0441576,40.7284774
"60",192,231,2,NA,"Church of St. Michael",136,"Penn Yan","NY","1/30/1876","2/9/1876",800,"2","Rochester",NA,"","Paulist",NA,NA,NA,NA,"Penn Yan NY","Church of St. Michael Penn Yan NY",-77.0538577,42.6609026,-77.0573529,42.6610632
"61",252,224,2,NA,"Church of St. Michael",126,"Stillwater","MN","9/19/1875","9/30/1875",1200,"1","",NA,"","Paulist",NA,NA,NA,NA,"Stillwater MN","Church of St. Michael Stillwater MN",-92.8088443,45.056004,-92.8061111,45.0511111
"62",22,233,2,NA,"Church of St. Patrick",138,"Boston","MA","3/19/1876","4/9/1876",4000,"3","",NA,"","Paulist",NA,NA,NA,NA,"Boston MA","Church of St. Patrick Boston MA",-71.0597732,42.3584308,-71.343876,42.284735
"63",31,240,2,NA,"Church of St. Patrick",146,"Brownsville","MN","11/4/1876","11/9/1876",520,"8","",NA,"","Paulist",NA,NA,NA,NA,"Brownsville MN","Church of St. Patrick Brownsville MN",-91.2798153,43.6940552,-91.2798153,43.6940552
"64",87,279,NA,NA,"Church of St. Patrick",202,"Galesburg","IL","12/9/1877","12/19/1877",1000,"2","Peoria",NA,"","",NA,NA,NA,NA,"Galesburg IL","Church of St. Patrick Galesburg IL",-90.3712395,40.9478158,-90.3762396,40.9367048
"65",180,151,2,NA,"Church of St. Patrick",21,"North Bridgewater","MA","4/3/1864","4/10/1864",1100,"1","",NA,"","Paulist",NA,NA,NA,NA,"North Bridgewater MA","Church of St. Patrick North Bridgewater MA",-70.9750541,41.9903519,-70.9750541,41.9903519
"66",181,169,2,NA,"Church of St. Patrick",53,"North Bridgewater","MA","10/29/1871","11/5/1871",1400,"","Boston",NA,"","Paulist",NA,NA,NA,NA,"North Bridgewater MA","Church of St. Patrick North Bridgewater MA",-70.9750541,41.9903519,-70.9750541,41.9903519
"67",163,105,1,19,"Church of St. Paul the Apostle",237,"New York","NY","12/18/1859","12/25/1859",800,"","New York",725,"75","Paulist",NA,NA,NA,NA,"New York NY","Church of St. Paul the Apostle New York NY",-74.0059731,40.7143528,-73.984761,40.7697605
"68",164,111,1,25,"Church of St. Paul the Apostle",250,"New York","NY","3/25/1860","3/28/1860",925,"","New York",NA,"","Paulist",NA,NA,NA,NA,"New York NY","Church of St. Paul the Apostle New York NY",-74.0059731,40.7143528,-73.984761,40.7697605
"69",172,180,2,NA,"Church of St. Paul the Apostle",65,"New York","NY","3/16/1873","3/30/1873",5500,"","New York",NA,"","Paulist",NA,NA,NA,NA,"New York NY","Church of St. Paul the Apostle New York NY",-74.0059731,40.7143528,-73.984761,40.7697605
"70",177,280,NA,NA,"Church of St. Paul the Apostle",204,"New York","NY","1/6/1878","1/27/1878",6200,"6","New York",NA,"","",NA,NA,NA,NA,"New York NY","Church of St. Paul the Apostle New York NY",-74.0059731,40.7143528,-73.984761,40.7697605
"71",286,171,2,NA,"Church of St. Paul",55,"Wilmington","DE","4/28/1872","5/5/1872",1300,"","Wilmington",NA,"","Paulist",NA,NA,NA,NA,"Wilmington DE","Church of St. Paul Wilmington DE",-75.5466667,39.7458333,-75.561236,39.7442094
"72",247,155,2,NA,"Church of St. Peter",26,"Southbridge","MA","10/2/1864","10/9/1864",730,"4","",NA,"","Paulist",NA,NA,NA,NA,"Southbridge MA","Church of St. Peter Southbridge MA",-72.0333905,42.0751065,-72.0333905,42.0751065
"73",48,203,2,NA,"Church of St. Pius",99,"Chicago","IL","10/11/1874","10/25/1874",1500,"12","Chicago",NA,"","Paulist",NA,NA,NA,NA,"Chicago IL","Church of St. Pius Chicago IL",-87.6297982,41.8781136,-87.6658589,41.8552429
"74",39,138,2,NA,"Church of St. Rose of Lima",5,"Carbondale","PA","1/25/1863","2/3/1863",2100,"7","",NA,"","Paulist",NA,NA,NA,NA,"Carbondale PA","Church of St. Rose of Lima Carbondale PA",-75.5018508,41.5736935,-75.5018508,41.5736935
"75",45,232,2,NA,"Church of St. Rose of Lima",137,"Chelsea","MA","2/27/1876","3/12/1876",3200,"14","Boston",NA,"","Paulist",NA,NA,NA,NA,"Chelsea MA","Church of St. Rose of Lima Chelsea MA",-71.0328284,42.3917638,-71.0328284,42.3917638
"76",221,213,2,NA,"Church of St. Rose of Lima",114,"Sacramento","CA","4/4/1875","4/14/1875",1600,"2","",NA,"","Paulist",NA,NA,NA,NA,"Sacramento CA","Church of St. Rose of Lima Sacramento CA",-121.4943996,38.5815719,-121.4943996,38.5815719
"77",261,200,2,NA,"Church of St. Rose of Lima",95,"Suffern","NY","5/3/1874","5/8/1874",150,"2","New York",NA,"","Paulist",NA,NA,NA,NA,"Suffern NY","Church of St. Rose of Lima Suffern NY",-74.1495889,41.1148179,-74.1495889,41.1148179
"78",5,161,2,NA,"Church of St. Thomas Aquinas",34,"Archibald","PA","1/29/1865","2/5/1865",1200,"","Philadelphia",NA,"","Paulist",NA,NA,NA,NA,"Archibald PA","Church of St. Thomas Aquinas Archibald PA",-75.5368521,41.4948038,-75.5391191,41.4976484
"79",288,229,2,NA,"Church of St. Thomas",134,"Winona","MN","12/12/1875","12/19/1875",800,"10","",NA,"","Paulist",NA,NA,NA,NA,"Winona MN","Church of St. Thomas Winona MN",-91.6404389,44.0478889,-91.6404389,44.0478889
"80",272,153,2,NA,"Church of St. William",24,"Ware","MA","5/1/1864","5/8/1864",1080,"2","",NA,"","Paulist",NA,NA,NA,NA,"Ware MA","Church of St. William Ware MA",-72.2398566,42.2598457,-72.2398566,42.2598457
"81",126,47,1,47,"Church of the Annunciation",75,"Manhattanville","NY","3/18/1855","4/1/1855",1400,"","New York",NA,"","Redemptorist",NA,NA,NA,NA,"Manhattanville NY","Church of the Annunciation Manhattanville NY",-73.9558333,40.8169443,-73.9558333,40.8169443
"82",127,204,2,NA,"Church of the Annunciation",100,"Manhattanville","NY","10/4/1874","10/14/1874",2600,"6","",NA,"","Paulist",NA,NA,NA,NA,"Manhattanville NY","Church of the Annunciation Manhattanville NY",-73.9558333,40.8169443,-73.9558333,40.8169443
"83",29,157,2,NA,"Church of the Assumption",31,"Brookline","MA","11/6/1864","11/14/1864",1200,"1","",NA,"","Paulist",NA,NA,NA,NA,"Brookline MA","Church of the Assumption Brookline MA",-71.1211635,42.3317642,-71.1191234,42.3351107
"84",72,192,2,NA,"Church of the Assumption",83,"East Boston","MA","1/16/1874","2/1/1874",2350,"18","Boston",NA,"","Paulist",NA,NA,NA,NA,"East Boston MA","Church of the Assumption East Boston MA",-71.0388601,42.3702137,-71.1191234,42.3351107
"85",124,67,1,67,"Church of the Assumption of the Blessed Virgin Mary",114,"Macon","GA","12/21/1856","12/28/1856",210,"several","Savannah",NA,"","Redemptorist",NA,NA,NA,NA,"Macon GA","Church of the Assumption of the Blessed Virgin Mary Macon GA",-83.6324022,32.8406946,-83.6324022,32.8406946
"86",195,15,1,15,"Church of the Assumption",33,"Philadelphia","PA","5/19/1852","5/31/1852",1700,"","Philadelphia",NA,"","Redemptorist",NA,NA,NA,NA,"Philadelphia PA","Church of the Assumption Philadelphia PA",-75.163789,39.952335,-75.163789,39.952335
"87",175,262,NA,NA,"Church of the Epiphany",173,"New York","NY","2/11/1877","2/25/1877",5300,"0","",NA,"","",NA,NA,NA,NA,"New York NY","Church of the Epiphany New York NY",-74.0059731,40.7143528,-73.982361,40.736854
"88",94,249,2,NA,"Church of the Guardian Angels",155,"Hastings","MN","9/17/1876","9/26/1876",1050,"1","",NA,"","Paulist",NA,NA,NA,NA,"Hastings MN","Church of the Guardian Angels Hastings MN",-92.8513706,44.7443293,-92.8513706,44.7443293
"89",226,53,1,53,"Church of the Holy Angels",84,"Sandusky","OH","12/2/1855","12/12/1855",1100,"","Cleveland",NA,"","Redemptorist",NA,NA,NA,NA,"Sandusky OH","Church of the Holy Angels Sandusky OH",-82.7079605,41.4489396,-82.7229437,41.4494831
"90",188,198,2,NA,"Church of the Holy Cross",93,"Ovid","NY","3/22/1874","3/29/1874",700,"3","",NA,"","Paulist",NA,NA,NA,NA,"Ovid NY","Church of the Holy Cross Ovid NY",-76.8230111,42.6764593,-76.8231204,42.6740093
"91",235,217,2,NA,"Church of the Holy Cross",119,"Santa Cruz","CA","4/25/1875","5/2/1875",650,"2","",NA,"","Paulist",NA,NA,NA,NA,"Santa Cruz CA","Church of the Holy Cross Santa Cruz CA",-122.0307963,36.9741171,-122.029963,36.9788391
"92",8,260,NA,NA,"Church of the Holy Family",170,"Auburn","NY","1/21/1877","2/4/1877",3500,"3","Rochester",NA,"","",NA,NA,NA,NA,"Auburn NY","Church of the Holy Family Auburn NY",-76.5660529,42.9317335,-76.5660529,42.9317335
"93",173,183,2,NA,"Church of the Holy Name",70,"New York","NY","5/18/1873","5/25/1873",1030,"","New York",NA,"","Paulist",NA,NA,NA,NA,"New York NY","Church of the Holy Name New York NY",-74.0059731,40.7143528,-73.9704366,40.7943778
"94",71,120,1,34,"Church of the Holy Redeemer",276,"East Boston","MA","2/13/1861","2/27/1861",2900,"","Boston",NA,"","Paulist",NA,NA,NA,NA,"East Boston MA","Church of the Holy Redeemer East Boston MA",-71.0388601,42.3702137,-71.0388601,42.3702137
"95",7,66,1,66,"Church of the Immaculate Conception",113,"Atlanta","GA","12/14/1856","12/19/1856",190,"several","Savannah",NA,"","Redemptorist",NA,NA,NA,NA,"Atlanta GA","Church of the Immaculate Conception Atlanta GA",-84.3879824,33.7489954,-84.389649,33.750384
"96",80,228,2,NA,"Church of the Immaculate Conception",133,"Faribault","MN","11/28/1875","12/8/1875",1300,"6","",NA,"","Paulist",NA,NA,NA,NA,"Faribault MN","Church of the Immaculate Conception Faribault MN",-93.268827,44.2949636,-93.268827,44.2949636
"97",96,253,2,NA,"Church of the Immaculate Conception",160,"Highland","MN","10/29/1876","11/2/1876",370,"1","",NA,"","Paulist",NA,NA,NA,NA,"Highland MN","Church of the Immaculate Conception Highland MN",-91.8701524,43.6807984,-89.5985126,38.7833985
"98",104,259,NA,NA,"Church of the Immaculate Conception",168,"Ithaca","NY","12/31/1876","1/9/1877",1120,"7","Rochester",NA,"","",NA,NA,NA,NA,"Ithaca NY","Church of the Immaculate Conception Ithaca NY",-76.5018807,42.4439614,-76.500292,42.44011
"99",107,135,2,NA,"Church of the Immaculate Conception",2,"Jersey City","NJ","10/12/1862","10/23/1862",2875,"","",NA,"","Paulist",NA,NA,NA,NA,"Jersey City NJ","Church of the Immaculate Conception Jersey City NJ",-74.0776417,40.7281575,-74.0776417,40.7281575
"100",117,114,1,28,"Church of the Immaculate Conception",259,"Lawrence","MA","9/30/1860","10/12/1860",2150,"","Boston",NA,"","Paulist",NA,NA,NA,NA,"Lawrence MA","Church of the Immaculate Conception Lawrence MA",-71.1631137,42.7070354,-71.1631137,42.7070354
"101",129,93,1,7,"Church of the Immaculate Conception",192,"Marshall","MI","11/21/1858","11/26/1858",575,"1","",NA,"","Paulist",NA,NA,NA,NA,"Marshall MI","Church of the Immaculate Conception Marshall MI",-84.9633148,42.2722641,-84.9633148,42.2722641
"102",135,227,2,NA,"Church of the Immaculate Conception",132,"Minneapolis","MN","11/7/1875","11/21/1875",2200,"12","",NA,"","Paulist",NA,NA,NA,NA,"Minneapolis MN","Church of the Immaculate Conception Minneapolis MN",-93.26667,44.983334,-93.26667,44.983334
"103",137,168,2,NA,"Church of the Immaculate Conception",51,"Nashua","NH","4/30/1871","5/7/1871",1261,"","Portland",NA,"","Paulist",NA,NA,NA,NA,"Nashua NH","Church of the Immaculate Conception Nashua NH",-71.467566,42.7653662,-71.4756214,42.7228669
"104",144,121,1,35,"Church of the Immaculate Conception",278,"Newburyport","MA","3/3/1861","3/13/1861",1900,"","Boston",NA,"","Paulist",NA,NA,NA,NA,"Newburyport MA","Church of the Immaculate Conception Newburyport MA",-70.8772751,42.8125913,-70.8772751,42.8125913
"105",167,130,1,44,"Church of the Immaculate Conception",293,"New York","NY","3/2/1862","3/16/1862",6800,"1","New York",NA,"","Paulist",NA,NA,NA,NA,"New York NY","Church of the Immaculate Conception New York NY",-74.0059731,40.7143528,-73.9111234,40.7769532
"106",222,159,2,NA,"Church of the Immaculate Conception",32,"Salem","MA","12/4/1864","12/13/1864",2100,"3","",NA,"","Paulist",NA,NA,NA,NA,"Salem MA","Church of the Immaculate Conception Salem MA",-70.8967155,42.51954,-70.8892655,42.5215443
"107",245,219,2,NA,"Church of the Immaculate Conception",121,"Smartsville","CA","5/16/1875","5/24/1875",350,"2","",NA,"","Paulist",NA,NA,NA,NA,"Smartsville CA","Church of the Immaculate Conception Smartsville CA",-121.2988335,39.2077473,-121.2988335,39.2077473
"108",257,149,2,NA,"Church of the Immaculate Conception",17,"Stoughton","MA","2/14/1864","2/21/1864",567,"","",NA,"","Paulist",NA,NA,NA,NA,"Stoughton MA","Church of the Immaculate Conception Stoughton MA",-71.1027778,42.125,-71.1076642,42.1254981
"109",270,220,2,NA,"Church of the Immaculate Conception",122,"Virginia City","NV","5/30/1875","6/13/1875",1200,"3","",NA,"","Paulist",NA,NA,NA,NA,"Virginia City NV","Church of the Immaculate Conception Virginia City NV",-119.6499793,39.3095135,-119.6499793,39.3095135
"110",275,107,1,21,"Church of the Immaculate Conception",241,"Waterbury","CT","1/15/1860","1/29/1860",2800,"3","Hartford",NA,"","Paulist",NA,NA,NA,NA,"Waterbury CT","Church of the Immaculate Conception Waterbury CT",-73.0514965,41.5581525,-73.041774,41.5573191
"111",51,141,2,NA,"Church of the Most Holy Name of Jesus",8,"Chicopee","MA","4/12/1863","4/20/1863",2600,"3","Boston",NA,"","Paulist",NA,NA,NA,NA,"Chicopee MA","Church of the Most Holy Name of Jesus Chicopee MA",-72.6078672,42.1487043,-72.6078672,42.1487043
"112",174,199,2,NA,"Church of the Nativity",94,"New York","NY","4/12/1874","4/28/1874",4280,"6","New York",NA,"","Paulist",NA,NA,NA,NA,"New York NY","Church of the Nativity New York NY",-74.0059731,40.7143528,-73.9897865,40.7252062
"113",15,246,2,NA,"Church of the Sacred Heart",152,"Belle Plaine","MN","10/29/1876","11/7/1876",1030,"4","",NA,"","Paulist",NA,NA,NA,NA,"Belle Plaine MN","Church of the Sacred Heart Belle Plaine MN",-93.7684042,44.6230409,-93.7684042,44.6230409
"114",40,195,2,NA,"Church of the Sacred Heart",88,"Central Falls","NY","3/8/1874","3/16/1874",1450,"12","",NA,"","Paulist",NA,NA,NA,NA,"Central Falls NY","Church of the Sacred Heart Central Falls NY",-73.8320824,44.0778319,-73.96506,41.3722178
"115",189,254,2,NA,"Church of the Sacred Heart",162,"Owatonna","MN","11/5/1876","11/12/1876",400,"3","",NA,"","Paulist",NA,NA,NA,NA,"Owatonna MN","Church of the Sacred Heart Owatonna MN",-93.2259349,44.0855572,-93.2265995,44.077185
"116",198,173,2,NA,"Church of the Sacred Heart",57,"Philadelphia","PA","11/10/1872","11/18/1872",1500,"9","Philadelphia",NA,"","Paulist",NA,NA,NA,NA,"Philadelphia PA","Church of the Sacred Heart Philadelphia PA",-75.163789,39.952335,-75.1497713,39.9304473
"117",242,182,2,NA,"Church of the Sacred Heart",69,"Sharon","PA","5/4/1873","5/11/1873",700,"1","",NA,"","Paulist",NA,NA,NA,NA,"Sharon PA","Church of the Sacred Heart Sharon PA",-80.4934035,41.2331116,-80.5139756,41.2321472
"118",281,266,NA,NA,"Church of the Sacred Heart",181,"Weymouth","MA","4/29/1877","5/9/1877",1700,"0","",NA,"","",NA,NA,NA,NA,"Weymouth MA","Church of the Sacred Heart Weymouth MA",-70.9410356,42.2180724,-70.967212,42.2193067
"119",128,276,NA,NA,"Church Regina Coeli",199,"Marshall","IL","11/4/1877","11/13/1877",340,"7","Alton",NA,"","",NA,NA,NA,NA,"Marshall IL","Church Regina Coeli Marshall IL",-87.6936384,39.3914252,-87.6936384,39.3914252
"120",70,127,1,41,"",291,"Dunmore","PA","1/19/1862","1/26/1862",700,"","",NA,"","Paulist",NA,NA,NA,NA,"Dunmore PA"," Dunmore PA",-75.6324112,41.4198027,-75.6324112,41.4198027
"121",73,83,1,83,"",155,"East Rutland","VT","2/7/1858","2/15/1858",840,"","Burlington",NA,"","Redemptorist",NA,NA,NA,NA,"East Rutland VT"," East Rutland VT",-72.9726065,43.6106237,-72.9726065,43.6106237
"122",78,267,NA,NA,"",183,"Everett","MA","5/13/1877","5/20/1877",468,"5","",NA,"","",NA,NA,NA,NA,"Everett MA"," Everett MA",-71.0536625,42.40843,-71.0536625,42.40843
"123",86,49,1,49,"",76,"Frankfort","KY","4/29/1855","5/3/1855",350,"2","Covington",NA,"","Redemptorist",NA,NA,NA,NA,"Frankfort KY"," Frankfort KY",-84.8732835,38.2009055,-84.8732835,38.2009055
"124",99,123,1,37,"",282,"Holyoke","MA","4/28/1861","5/9/1861",1850,"5","Boston",NA,"","Paulist",NA,NA,NA,NA,"Holyoke MA"," Holyoke MA",-72.6162009,42.2042586,-72.6162009,42.2042586
"125",119,48,1,48,"",76,"Lexington","KY","4/15/1855","4/25/1855",600,"3","Covington",NA,"","Redemptorist",NA,NA,NA,NA,"Lexington KY"," Lexington KY",-84.5037164,38.0405837,-84.5037164,38.0405837
"126",121,86,1,86,"",158,"Little Falls","NY","3/21/1858","3/28/1858",800,"3","",NA,"","Redemptorist",NA,NA,NA,NA,"Little Falls NY"," Little Falls NY",-74.8595957,43.0434039,-74.8595957,43.0434039
"127",169,137,2,NA,"Nativity Church",4,"New York","NY","1/4/1863","1/16/1863",3500,"","New York",NA,"","Paulist",NA,NA,NA,NA,"New York NY","Nativity Church New York NY",-74.0059731,40.7143528,-73.9897865,40.7252062
"128",154,126,1,40,"",287,"Newport","NY","12/29/1861","1/5/1862",370,"1","",NA,"","Paulist",NA,NA,NA,NA,"Newport NY"," Newport NY",-75.0143244,43.1859025,-75.0143244,43.1859025
"129",186,223,2,NA,"",125,"Ophir City","UT","6/20/1875","6/25/1875",37,"1","",NA,"","Paulist",NA,NA,NA,NA,"Ophir City UT"," Ophir City UT",-112.2585566,40.36939,-112.2585566,40.36939
"130",191,41,1,41,"",67,"Patterson","NJ","10/29/1854","11/9/1854",2700,"","",NA,"","Redemptorist",NA,NA,NA,NA,"Patterson NJ"," Patterson NJ",-74.171811,40.9167654,-74.171811,40.9167654
"131",193,61,1,61,"",97,"Petersburg","VA","4/13/1856","4/18/1856",210,"","Richmond",NA,"","Redemptorist",NA,400,NA,NA,"Petersburg VA"," Petersburg VA",-77.4019267,37.2279279,-77.4019267,37.2279279
"132",201,122,1,36,"",281,"Pittston","PA","4/14/1861","4/22/1861",1980,"3","",NA,"","Paulist",NA,NA,NA,NA,"Pittston PA"," Pittston PA",-75.7893604,41.3259134,-75.7893604,41.3259134
"133",206,59,1,59,"",95,"Portsmouth","VA","3/30/1856","4/8/1856",520,"9","Richmond",NA,"","Redemptorist",NA,NA,NA,NA,"Portsmouth VA"," Portsmouth VA",-76.2982742,36.8354258,-76.2982742,36.8354258
"134",216,60,1,60,"Richmond Cathedral",95,"Richmond","VA","4/13/1856","4/23/1856",900,"","Richmond",NA,"","Redemptorist",NA,NA,NA,NA,"Richmond VA","Richmond Cathedral Richmond VA",-77.4360481,37.5407246,-77.3783789,37.4689149
"135",228,287,NA,NA,"",215,"Sandy Hill","??","4/7/1878","4/16/1878",1100,"8","",NA,"","",NA,NA,NA,NA,"Sandy Hill ??"," Sandy Hill ??",-98.4911517,29.7997552,-98.4911517,29.7997552
"136",237,85,1,85,"",157,"Saratoga Springs","NY","3/7/1858","3/15/1858",970,"","",NA,"","Redemptorist",NA,NA,NA,NA,"Saratoga Springs NY"," Saratoga Springs NY",-73.7845651,43.0831301,-73.7845651,43.0831301
"137",240,132,1,46,"",295,"Scranton ","PA","5/18/1862","5/29/1862",2500,"","",NA,"","Paulist",NA,NA,NA,NA,"Scranton  PA"," Scranton  PA",-75.6624122,41.408969,-75.6624122,41.408969
"138",68,13,1,13,"Ss. Peter and Paul's Cathedral",31,"Detroit","MI","3/21/1852","4/4/1852",3000,"","Detroit",NA,"","Redemptorist",12000,NA,20000,NA,"Detroit MI","Ss. Peter and Paul's Cathedral Detroit MI",-83.0457538,42.331427,-83.0457538,42.331427
"139",69,271,NA,NA,"St. Aloysius Church",191,"Detroit","MI","11/18/1877","12/4/1877",2000,"","",NA,"","",NA,NA,NA,NA,"Detroit MI","St. Aloysius Church Detroit MI",-83.0457538,42.331427,-83.0506273,42.3328439
"140",150,36,1,36,"St. Alphonsus' Church",63,"New Orleans","LA","3/26/1854","4/5/1854",2000,"","New Orleans",NA,"","Redemptorist",NA,NA,NA,NA,"New Orleans LA","St. Alphonsus' Church New Orleans LA",-90.0715323,29.9510658,-90.0715323,29.9510658
"141",250,70,1,70,"",126,"St. Augustine","FL","1/4/1857","1/11/1857",600,"","",NA,"","Redemptorist",NA,NA,NA,NA,"St. Augustine FL"," St. Augustine FL",-81.3132083,29.8942639,-81.3132083,29.8942639
"142",10,236,2,NA,"St. Augustine's Church",142,"Austin","MN","9/17/1876","9/27/1876",790,"17","",NA,"","Paulist",NA,NA,NA,NA,"Austin MN","St. Augustine's Church Austin MN",-92.9746367,43.6666296,-92.9801925,43.6699629
"143",111,92,1,6,"St. Augustine's Church",189,"Kalamazoo","MI","11/7/1858","11/14/1858",430,"2","",NA,"","Paulist",NA,NA,NA,NA,"Kalamazoo MI","St. Augustine's Church Kalamazoo MI",-85.5872286,42.2917069,-85.5872286,42.2917069
"144",246,283,NA,NA,"St. Augustine's Church",208,"South Boston","MA","3/3/1878","3/24/1878",5674,"11","Boston",NA,"1000","",NA,NA,NA,NA,"South Boston MA","St. Augustine's Church South Boston MA",-71.1344539,42.2904259,-71.1344539,42.2904259
"145",60,16,1,16,"St. Bernard's Church",35,"Cohoes","NY","6/10/1852","6/20/1852",1400,"","Albany",NA,"","Redemptorist",NA,NA,NA,NA,"Cohoes NY","St. Bernard's Church Cohoes NY",-73.7001187,42.7742446,-73.7001187,42.7742446
"146",219,281,NA,NA,"St. Bernard's Church",206,"Rockville","CT","1/21/1878","1/29/1878",1058,"6","Hartford",NA,"","",NA,NA,NA,NA,"Rockville CT","St. Bernard's Church Rockville CT",-72.4495287,41.8667645,-72.4459083,41.8679306
"147",57,284,NA,NA,"St Bridget's Church",210,"Cleveland","OH","3/31/1878","4/10/1878",1323,"1","",NA,"","",NA,NA,NA,NA,"Cleveland OH","St Bridget's Church Cleveland OH",-81.6954088,41.4994954,-81.75979,41.408345
"148",160,88,1,2,"St. Bridget's Church",172,"New York","NY","5/2/1858","5/16/1858",5700,"15","",NA,"","Paulist",NA,NA,NA,NA,"New York NY","St. Bridget's Church New York NY",-74.0059731,40.7143528,-74.0059731,40.7143528
"149",176,263,NA,NA,"St. Bridget's Church",175,"New York","NY","3/4/1877","3/18/1877",8000,"15","",NA,"","",NA,NA,NA,NA,"New York NY","St. Bridget's Church New York NY",-74.0059731,40.7143528,-74.0059731,40.7143528
"150",218,242,2,NA,"St. Bridget's Church",148,"Rochester","MN","11/29/1876","12/3/1876",626,"2","",NA,"","Paulist",NA,NA,NA,NA,"Rochester MN","St. Bridget's Church Rochester MN",-92.46295,44.0234,-92.4357973,43.9233773
"151",274,184,2,NA,"St. Elizabeth's Church",72,"Washington Heights","NY","9/21/1873","9/28/1873",1007,"","",NA,"","Paulist",NA,NA,NA,NA,"Washington Heights NY","St. Elizabeth's Church Washington Heights NY",-73.9389213,40.8401451,-73.9325716,40.8534672
"152",230,210,2,NA,"St. Francis Church",109,"San Francisco","CA","3/7/1875","3/16/1875",1350,"7","San Francisco",NA,"","Paulist",NA,NA,NA,NA,"San Francisco CA","St. Francis Church San Francisco CA",-122.4194155,37.7749295,-122.4699582,37.7303587
"153",44,264,NA,NA,"St. Francis de Sales Church",177,"Charlestown","NY","4/8/1877","4/24/1877",6900,"25","",NA,"","",NA,NA,NA,NA,"Charlestown NY","St. Francis de Sales Church Charlestown NY",-71.6418744,41.3832162,-74.0059731,40.7143528
"154",84,244,2,NA,"St. Gerhard's Church",150,"Forest City","MN","10/1/1876","10/10/1876",700,"3","",NA,"","Paulist",NA,NA,NA,NA,"Forest City MN","St. Gerhard's Church Forest City MN",-94.4663799,45.2063519,-94.4663799,45.2063519
"155",95,119,1,33,"St. Gregory's Church",274,"Haverhill","MA","1/20/1861","1/28/1861",1002,"4","Boston",NA,"","Paulist",NA,NA,NA,NA,"Haverhill MA","St. Gregory's Church Haverhill MA",-71.0772796,42.7762015,-71.0772796,42.7762015
"156",91,25,1,25,"St. Ignatius' Church",51,"Harford County","MD","8/28/1853","9/10/1853",320,"","Baltimore",NA,"","Redemptorist",NA,NA,NA,NA,"Harford County MD","St. Ignatius' Church Harford County MD",-76.3637285,39.5838964,-76.3637285,39.5838964
"157",14,268,NA,NA,"St. James Church",186,"Bay City","MI","9/16/1877","9/26/1877",1700,"7","",NA,"","",NA,NA,NA,NA,"Bay City MI","St. James Church Bay City MI",-83.8888647,43.5944677,-83.8848621,43.5892769
"158",26,104,1,18,"St. James' Church",234,"Bridgeport","CT","10/30/1859","11/7/1859",1570,"","Hartford",NA,"","Paulist",NA,NA,NA,NA,"Bridgeport CT","St. James' Church Bridgeport CT",-73.1951767,41.1865478,-73.1951767,41.1865478
"159",50,270,NA,NA,"St. James Church",189,"Chicago","IL","10/21/1877","11/7/1877",3086,"8","",NA,"","",NA,NA,NA,NA,"Chicago IL","St. James Church Chicago IL",-87.6297982,41.8781136,-87.6251088,41.841584
"160",138,74,1,74,"St. James' Church ",137,"Newark","NJ","9/26/1857","10/6/1857",1900,"","",NA,"","Redemptorist",NA,NA,NA,NA,"Newark NJ","St. James' Church  Newark NJ",-74.1723667,40.735657,-74.1723667,40.735657
"161",165,117,1,31,"St. James Church",266,"New York","NY","11/25/1860","12/9/1860",6950,"10","New York",NA,"","Paulist",NA,NA,NA,NA,"New York NY","St. James Church New York NY",-74.0059731,40.7143528,-73.9657293,40.7711009
"162",282,17,1,17,"St. James's Cathedral",36,"Wheeling","WV","9/5/1852","9/15/1852",1250,"several","Wheeling-Charleston",NA,"","Redemptorist",NA,NA,NA,NA,"Wheeling WV","St. James's Cathedral Wheeling WV",-80.7209149,40.0639616,-80.7209149,40.0639616
"163",47,202,2,NA,"St. Jarlath's Church",98,"Chicago","IL","9/27/1874","10/7/1874",800,"1","Chicago",NA,"","Paulist",NA,NA,NA,NA,"Chicago IL","St. Jarlath's Church Chicago IL",-87.6297982,41.8781136,-87.6297982,41.8781136
"164",20,118,1,32,"St. John Baptist Church",271,"Boston","MA","12/30/1860","1/10/1861",4550,"","Boston",NA,"","Paulist",NA,NA,NA,NA,"Boston MA","St. John Baptist Church Boston MA",-71.0597732,42.3584308,-71.0821295,42.3229114
"165",224,265,NA,NA,"St John Baptist Church",180,"Salina","NY","4/29/1877","5/9/1877",1900,"3","",NA,"","",NA,NA,NA,NA,"Salina NY","St John Baptist Church Salina NY",-76.1725774,43.1071066,-76.1725774,43.1071066
"166",152,38,1,38,"St. John Baptist's Church",64,"New Orleans","LA","4/23/1854","4/30/1854",1500,"2","New Orleans",NA,"","Redemptorist",NA,NA,NA,NA,"New Orleans LA","St. John Baptist's Church New Orleans LA",-90.0715323,29.9510658,-90.0715323,29.9510658
"167",202,81,1,81,"St John Baptist's Church",151,"Plattsburg","NY","1/24/1858","1/31/1858",1100,"1","Albany",NA,"","Redemptorist",NA,NA,NA,NA,"Plattsburg NY","St John Baptist's Church Plattsburg NY",-73.4529124,44.6994873,-74.0059731,40.7143528
"168",55,22,1,22,"St. John's Cathedral",41,"Cleveland","OH","1/23/1853","2/6/1853",2300,"several","Cleveland",NA,"","Redemptorist",NA,NA,NA,NA,"Cleveland OH","St. John's Cathedral Cleveland OH",-81.6954088,41.4994954,-81.6885843,41.5026785
"169",56,54,1,54,"St. John's Cathedral",85,"Cleveland","OH","12/16/1855","12/25/1855",3300,"","Cleveland",NA,"","Redemptorist",NA,NA,NA,NA,"Cleveland OH","St. John's Cathedral Cleveland OH",-81.6954088,41.4994954,-81.6885843,41.5026785
"170",13,230,2,NA,"St. John's Church",135,"Baltimore","MD","1/9/1876","1/23/1876",4200,"29","",NA,"","Paulist",NA,NA,NA,NA,"Baltimore MD","St. John's Church Baltimore MD",-76.6121893,39.2903848,-76.6021892,39.3095513
"171",100,148,2,NA,"St. John's Church",15,"Honesdale","PA","1/24/1864","2/1/1864",1400,"1","Philadelphia",NA,"","Paulist",NA,NA,NA,NA,"Honesdale PA","St. John's Church Honesdale PA",-75.2587871,41.5767552,-75.2543498,41.5717947
"172",103,272,NA,NA,"St. John's Church",193,"Indianapolis","IN","12/9/1877","12/22/1877",3790,"4","",NA,"","",NA,NA,NA,NA,"Indianapolis IN","St. John's Church Indianapolis IN",-86.158068,39.768403,-86.1352641,39.7903203
"173",105,94,1,8,"St. John's Church",193,"Jackson","MI","11/28/1858","12/5/1858",450,"1","",NA,"","Paulist",NA,NA,NA,NA,"Jackson MI","St. John's Church Jackson MI",-84.4013462,42.245869,-84.405326,42.240785
"174",132,108,1,22,"St. John's Church",244,"Middletown","CT","2/5/1860","2/14/1860",2270,"3","Hartford",2100,"170","Paulist",NA,NA,NA,NA,"Middletown CT","St. John's Church Middletown CT",-72.6506488,41.5623209,-72.652673,41.5663913
"175",187,129,1,43,"St. John's Church",292,"Orange","NJ","2/2/1862","2/9/1862",1000,"2","",NA,"","Paulist",NA,NA,NA,NA,"Orange NJ","St. John's Church Orange NJ",-74.2326478,40.7706187,-74.2323685,40.7770449
"176",194,14,1,14,"St. John's Church",33,"Philadelphia","PA","5/2/1852","5/16/1852",3000,"","Philadelphia",NA,"","Redemptorist",NA,NA,NA,NA,"Philadelphia PA","St. John's Church Philadelphia PA",-75.163789,39.952335,-75.1442926,39.9638338
"177",238,65,1,65,"St. John's Church",111,"Savannah","GA","11/23/1856","12/7/1856",2500,"several","Savannah",NA,"","Redemptorist",NA,NA,NA,NA,"Savannah GA","St. John's Church Savannah GA",-81.0998342,32.0835407,-81.09468,32.07372
"178",239,40,1,40,"St. John's Church",66,"Schenectady","NY","10/8/1854","10/18/1854",1300,"","",NA,"","Redemptorist",NA,NA,NA,NA,"Schenectady NY","St. John's Church Schenectady NY",-73.9395687,42.8142432,-73.906921,42.858523
"179",249,134,2,NA,"St. John's Church",1,"Stamford","CT","9/28/1862","10/5/1862",900,"2","",NA,"","Paulist",NA,NA,NA,NA,"Stamford CT","St. John's Church Stamford CT",-73.5387341,41.0534302,-73.5346657,41.090267
"180",255,146,2,NA,"St. John's Church",13,"St. Louis","MO","11/15/1863","11/24/1863",1300,"","",NA,"","Paulist",NA,NA,NA,NA,"St. Louis MO","St. John's Church St. Louis MO",-90.1994042,38.6270025,-90.3373472,38.5133439
"181",265,205,2,NA,"St. John's Church",102,"Trenton","NJ","10/25/1874","11/5/1874",2700,"6","",NA,"","Paulist",NA,NA,NA,NA,"Trenton NJ","St. John's Church Trenton NJ",-74.7429384,40.2170534,-74.7429384,40.2170534
"182",269,77,1,77,"St. John's Church",142,"Utica","NY","11/15/1857","11/27/1857",3000,"","",NA,"","Redemptorist",NA,NA,NA,NA,"Utica NY","St. John's Church Utica NY",-75.232664,43.100903,-75.2270248,43.1008982
"183",263,79,1,79,"St. John the Baptist's Church",145,"Trenton","NJ","12/20/1857","12/31/1857",2050,"5","Newark",NA,"","Redemptorist",NA,NA,NA,NA,"Trenton NJ","St. John the Baptist's Church Trenton NJ",-74.7429384,40.2170534,-74.7429384,40.2170534
"184",32,52,1,52,"St. Joseph's Cathedral",83,"Buffalo","NY","11/11/1855","11/21/1855",3000,"several","Buffalo",NA,"","Redemptorist",30000,8000,NA,NA,"Buffalo NY","St. Joseph's Cathedral Buffalo NY",-78.8783689,42.8864468,-78.8786467,42.8828357
"185",33,189,2,NA,"St. Joseph's Cathedral",80,"Buffalo","NY","11/30/1873","12/14/1873",4500,"7","Buffalo",NA,"","Paulist",NA,NA,NA,NA,"Buffalo NY","St. Joseph's Cathedral Buffalo NY",-78.8783689,42.8864468,-78.8786467,42.8828357
"186",130,218,2,NA,"St. Joseph's Cathedral",120,"Marysville","CA","5/16/1875","5/24/1875",550,"5","Sacramento",NA,"","Paulist",NA,NA,NA,NA,"Marysville CA","St. Joseph's Cathedral Marysville CA",-121.5913547,39.1457253,-121.5913547,39.1457253
"187",1,12,1,12,"St. Joseph's Church",28,"Albany","NY","2/29/1852","3/14/1852",4000,"","Albany",NA,"","Redemptorist",5000,NA,NA,NA,"Albany NY","St. Joseph's Church Albany NY",-73.7562317,42.6525793,-73.702836,42.770795
"188",24,78,1,78,"St. Joseph's Church",144,"Brandywine","DE","12/6/1857","12/14/1857",920,"1","Philadelphia",NA,"","Redemptorist",NA,NA,NA,NA,"Brandywine DE","St. Joseph's Church Brandywine DE",-75.5343681,39.8295563,-75.5343681,39.8295563
"189",54,196,2,NA,"St. Joseph's Church",90,"Circleville","OH","2/8/1874","2/17/1874",400,"8","",NA,"","Paulist",NA,NA,NA,NA,"Circleville OH","St. Joseph's Church Circleville OH",-82.9460133,39.600618,-82.9474179,39.6003567
"190",83,197,2,NA,"St. Joseph's Church",92,"Fond du Lac","WI","2/22/1874","3/4/1874",1650,"2","Milwaukee",NA,"","Paulist",NA,NA,NA,NA,"Fond du Lac WI","St. Joseph's Church Fond du Lac WI",-88.4470508,43.7730448,-88.7378854,43.6335995
"191",149,34,1,34,"St. Joseph's Church",61,"New Orleans","LA","2/12/1854","2/21/1854",1300,"several","New Orleans",NA,"","Redemptorist",NA,NA,NA,NA,"New Orleans LA","St. Joseph's Church New Orleans LA",-90.0715323,29.9510658,-90.078947,29.978871
"192",155,1,1,1,"St. Joseph's Church",1,"New York","NY","4/6/1851","4/20/1851",6000,"","New York",5600,"400","Redemptorist",NA,NA,NA,NA,"New York NY","St. Joseph's Church New York NY",-74.0059731,40.7143528,-73.948593,40.777178
"193",200,142,2,NA,"St. Joseph's Church",9,"Pittsfield","MA","5/3/1863","5/12/1863",2000,"1","",NA,"","Paulist",NA,NA,NA,NA,"Pittsfield MA","St. Joseph's Church Pittsfield MA",-73.2453824,42.4500845,-73.2453824,42.4500845
"194",214,250,2,NA,"St. Joseph's Church",156,"Red Wing","MN","10/1/1876","10/6/1876",240,"0","",NA,"","Paulist",NA,NA,NA,NA,"Red Wing MN","St. Joseph's Church Red Wing MN",-92.5369563,44.5660691,-92.5297271,44.5614063
"195",233,216,2,NA,"St. Joseph's Church",117,"San Jose","CA","4/18/1875","4/28/1875",1100,"","",NA,"","Paulist",NA,NA,NA,NA,"San Jose CA","St. Joseph's Church San Jose CA",-121.8949555,37.3393857,-121.9197892,37.533828
"196",85,237,2,NA,"St. Lawrence's Church",143,"Fountain","MN","10/1/1876","10/6/1876",440,"3","",NA,"","Paulist",NA,NA,NA,NA,"Fountain MN","St. Lawrence's Church Fountain MN",-92.1362717,43.7399639,-92.1362717,43.7399639
"197",6,190,2,NA,"St. Malachy's Church",81,"Arlington","MA","1/4/1874","1/12/1874",1170,"4","Boston",NA,"","Paulist",NA,NA,NA,NA,"Arlington MA","St. Malachy's Church Arlington MA",-71.1564729,42.4153925,-71.1564729,42.4153925
"198",65,91,1,5,"St. Mary's Cathedral",186,"Covington","KY","10/24/1858","11/1/1858",1450,"","Covington",NA,"","Paulist",NA,NA,NA,NA,"Covington KY","St. Mary's Cathedral Covington KY",-84.5085536,39.0836712,-84.5086411,39.0782928
"199",90,136,2,NA,"St. Mary's Cathedral",3,"Halifax","NS","11/30/1862","12/8/1862",5636,"4","Halifax",NA,"","Paulist",NA,NA,NA,NA,"Halifax NS","St. Mary's Cathedral Halifax NS",-63.5753196,44.6488625,-63.572778,44.644373
"200",185,208,2,NA,"St. Mary's Cathedral",105,"Ogdensburg","NY","1/3/1875","1/14/1875",1850,"6","Ogdensburg",NA,"","Paulist",NA,NA,NA,NA,"Ogdensburg NY","St. Mary's Cathedral Ogdensburg NY",-75.4863364,44.6942291,-75.485423,44.698617
"201",229,209,2,NA,"St. Mary's Cathedral",108,"San Francisco","CA","2/14/1875","2/28/1875",2800,"6","San Francisco",NA,"","Paulist",NA,NA,NA,NA,"San Francisco CA","St. Mary's Cathedral San Francisco CA",-122.4194155,37.7749295,-122.4252565,37.7840383
"202",17,286,NA,NA,"St. Mary's Church",214,"Bellows Falls","VT","3/24/1878","4/1/1878",612,"1","",NA,"","",NA,NA,NA,NA,"Bellows Falls VT","St. Mary's Church Bellows Falls VT",-72.4439772,43.133411,-72.4439772,43.133411
"203",43,45,1,45,"St. Mary's Church",72,"Charlestown","MA","1/28/1855","2/11/1855",2800,"several","Boston",NA,"","Redemptorist",NA,NA,NA,NA,"Charlestown MA","St. Mary's Church Charlestown MA",-71.0602131,42.3782065,-71.0602131,42.3782065
"204",58,106,1,20,"St. Mary's Church",239,"Clifton, Staten Island","NY","1/1/1860","1/8/1860",1250,"3","New York",1159,"91","Paulist",NA,NA,NA,NA,"Clifton, Staten Island NY","St. Mary's Church Clifton, Staten Island NY",-74.0784785,40.6189726,-74.0784785,40.6189726
"205",74,124,1,38,"St. Mary's Church",284,"Elizabeth","NJ","10/6/1861","10/14/1861",950,"1","",NA,"","Paulist",NA,NA,NA,NA,"Elizabeth NJ","St. Mary's Church Elizabeth NJ",-74.2107006,40.6639916,-74.2107006,40.6639916
"206",79,185,2,NA,"St. Mary's Church",73,"Fall River","MA","10/5/1873","10/19/1873",5300,"8","Providence",NA,"","Paulist",NA,NA,NA,NA,"Fall River MA","St. Mary's Church Fall River MA",-71.1550451,41.7014912,-71.1550451,41.7014912
"207",97,62,1,62,"St. Mary's Church",97,"Hoboken","NJ","9/28/1856","10/5/1856",700,"7","Newark",NA,"","Redemptorist",NA,NA,NA,NA,"Hoboken NJ","St. Mary's Church Hoboken NJ",-74.0323626,40.7439905,-74.0323626,40.7439905
"208",98,3,1,3,"St. Mary's Church",11,"Hollidaysburg","PA","5/18/1851","5/28/1851",1000,"","Pittsburgh",NA,"","Redemptorist",1500,NA,4000,NA,"Hollidaysburg PA","St. Mary's Church Hollidaysburg PA",-78.3889024,40.4272949,-78.3888142,40.4304699
"209",102,73,1,73,"St. Mary's Church",136,"Hudson","NY","3/22/1857","3/29/1857",800,"","",NA,"","Redemptorist",NA,NA,NA,NA,"Hudson NY","St. Mary's Church Hudson NY",-73.790959,42.2528649,-73.7898712,42.2494061
"210",106,102,1,16,"St. Mary's Church",227,"Jersey City","NJ","10/2/1859","10/10/1859",1950,"3","Newark",1800,"150","Paulist",NA,NA,NA,NA,"Jersey City NJ","St. Mary's Church Jersey City NJ",-74.0776417,40.7281575,-74.043474,40.7228799
"211",108,207,2,NA,"St. Mary's Church",104,"Jersey City","NJ","12/6/1874","12/20/1874",4800,"6","",NA,"","Paulist",NA,NA,NA,NA,"Jersey City NJ","St. Mary's Church Jersey City NJ",-74.0776417,40.7281575,-74.043474,40.7228799
"212",114,251,2,NA,"St. Mary's Church",157,"Lake City and West Albany","MN","10/8/1876","10/17/1876",443,"2","",NA,"","Paulist",NA,NA,NA,NA,"Lake City and West Albany MN","St. Mary's Church Lake City and West Albany MN",-92.341887,44.4131284,-92.2854536,44.3013559
"213",118,247,2,NA,"St. Mary's Church",153,"Le Sueur","MN","11/12/1876","11/19/1876",520,"2","",NA,"","Paulist",NA,NA,NA,NA,"Le Sueur MN","St. Mary's Church Le Sueur MN",-93.9088889,44.4658333,-93.7291666,44.3913889
"214",142,109,1,23,"St. Mary's Church",NA,"New Britain","CT","2/19/1860","2/28/1860",1230,"","Hartford",NA,"","Paulist",NA,NA,NA,NA,"New Britain CT","St. Mary's Church New Britain CT",-72.7795419,41.6612104,-72.779264,41.6720438
"215",145,96,1,10,"St. Mary's Church",200,"New Haven","CT","1/2/1859","1/14/1859",2060,"4","Hartford",NA,"","Paulist",NA,NA,NA,NA,"New Haven CT","St. Mary's Church New Haven CT",-72.9278835,41.308274,-72.9238344,41.3119145
"216",146,206,2,NA,"St. Mary's Church",103,"New Haven","CT","11/8/1874","11/19/1874",2600,"8","",NA,"","Paulist",NA,NA,NA,NA,"New Haven CT","St. Mary's Church New Haven CT",-72.9278835,41.308274,-72.9238344,41.3119145
"217",158,29,1,29,"St. Mary's Church",53,"New York","NY","10/16/1853","10/30/1853",7800,"","New York",NA,"","Redemptorist",NA,NA,NA,NA,"New York NY","St. Mary's Church New York NY",-74.0059731,40.7143528,-73.9851398,40.7156179
"218",162,103,1,17,"St. Mary's Church",230,"New York","NY","10/16/1859","10/23/1859",3500,"5","New York",NA,"","Paulist",NA,NA,NA,NA,"New York NY","St. Mary's Church New York NY",-74.0059731,40.7143528,-73.9851398,40.7156179
"219",183,113,1,27,"St. Mary's Church",255,"Norwich","CT","5/6/1860","5/16/1860",1900,"5","",NA,"","Paulist",NA,NA,NA,NA,"Norwich CT","St. Mary's Church Norwich CT",-72.0759105,41.5242649,-72.0600758,41.5294187
"220",184,211,2,NA,"St. Mary's Church",111,"Oakland","CA","3/7/1875","3/16/1875",1700,"1","",NA,"","Paulist",NA,NA,NA,NA,"Oakland CA","St. Mary's Church Oakland CA",-122.2711137,37.8043637,-122.2777472,37.8015946
"221",196,23,1,23,"St. Mary's Church",42,"Philadelphia","PA","2/20/1853","3/6/1853",2550,"several","Philadelphia",NA,"","Redemptorist",NA,NA,NA,NA,"Philadelphia PA","St. Mary's Church Philadelphia PA",-75.163789,39.952335,-75.2017132,39.9525638
"222",210,187,2,NA,"St. Mary's Church",78,"Providence","RI","11/2/1873","11/11/1873",4000,"","",NA,"","Paulist",NA,NA,NA,NA,"Providence RI","St. Mary's Church Providence RI",-71.4128343,41.8239891,-71.463392,41.7898224
"223",220,72,1,72,"St. Mary's Church",133,"Roudout","NY","3/1/1857","3/15/1857",2200,"","",NA,"","Redemptorist",NA,NA,5000,NA,"Roudout NY","St. Mary's Church Roudout NY",-73.9851381,41.920648,-74.0059731,40.7143528
"224",241,245,2,NA,"St. Mary's Church",151,"Shakopee","MN","10/15/1876","10/22/1876",415,"3","",NA,"","Paulist",NA,NA,NA,NA,"Shakopee MN","St. Mary's Church Shakopee MN",-93.5272861,44.7973962,-93.486229,44.771008
"225",259,226,2,NA,"St. Mary's Church",130,"St. Paul","MN","10/24/1875","11/3/1875",1200,"6","",NA,"","Paulist",NA,NA,NA,NA,"St. Paul MN","St. Mary's Church St. Paul MN",-93.0899578,44.9537029,-93.088772,44.9521469
"226",277,243,2,NA,"St. Mary's Church",149,"Waverly","MN","9/17/1876","9/24/1876",460,"11","",NA,"","Paulist",NA,NA,NA,NA,"Waverly MN","St. Mary's Church Waverly MN",-93.9663889,45.0666667,-93.9706352,45.067459
"227",290,28,1,28,"St. Mary's Church",52,"Yonkers","NY","9/29/1853","10/2/1853",550,"","New York",NA,"","Redemptorist",NA,NA,NA,NA,"Yonkers NY","St. Mary's Church Yonkers NY",-73.8987469,40.9312099,-73.8914612,40.9516569
"228",82,26,1,26,"St. Michael's Church",51,"Flushing","NY","9/11/1853","9/18/1853",950,"","New York",NA,"","Redemptorist",NA,NA,NA,NA,"Flushing NY","St. Michael's Church Flushing NY",-73.8330844,40.7658085,-73.8276014,40.7584171
"229",122,2,1,2,"St. Michael's Church",6,"Loretto","PA","4/27/1851","5/11/1851",1700,"","Pittsburgh",NA,"60-100","Redemptorist",3000,NA,NA,NA,"Loretto PA","St. Michael's Church Loretto PA",-78.630296,40.5031263,-78.630296,40.5031263
"230",166,125,1,39,"St. Michael's Church",285,"New York","NY","11/17/1861","11/28/1861",4000,"","New York",NA,"","Paulist",NA,NA,NA,NA,"New York NY","St. Michael's Church New York NY",-74.0059731,40.7143528,-73.9690748,40.7961411
"231",140,44,1,44,"St. Patrick's Cathedral",71,"Newark","NK","12/31/1854","1/14/1855",4400,"","Newark",NA,"","Redemptorist",NA,NA,NA,NA,"Newark NK","St. Patrick's Cathedral Newark NK",-74.1723667,40.735657,-74.172198,40.7419736
"232",157,6,1,6,"St. Patrick's Cathedral",18,"New York","NY","10/19/1851","11/3/1851",7000,"","New York",NA,"","Redemptorist",15000,NA,NA,NA,"New York NY","St. Patrick's Cathedral New York NY",-74.0059731,40.7143528,-73.976532,40.758578
"233",254,145,2,NA,"St. Patrick's Cathedral",12,"St. Louis","MO","10/25/1863","11/4/1863",2500,"3","St. Louis",NA,"","Paulist",NA,NA,NA,NA,"St. Louis MO","St. Patrick's Cathedral St. Louis MO",-90.1994042,38.6270025,-90.1994042,38.6270025
"234",35,239,2,NA,"St. Patrick's Church",145,"Caledonia","MN","10/27/1876","10/30/1876",960,"6","",NA,"","Paulist",NA,NA,NA,NA,"Caledonia MN","St. Patrick's Church Caledonia MN",-91.4968076,43.6346913,-91.4968076,43.6346913
"235",75,115,1,29,"St. Patrick's Church",261,"Elizabethport","NJ","10/20/1860","10/28/1860",1000,"1","Newark",NA,"","Paulist",NA,NA,NA,NA,"Elizabethport NJ","St. Patrick's Church Elizabethport NJ",-74.1870888,40.6501031,-74.1856999,40.6523252
"236",77,7,1,7,"St. Patrick's Church",20,"Erie","PA","11/17/1851","11/28/1851",1000,"","Pittsburgh",NA,"","Redemptorist",2000,NA,NA,NA,"Erie PA","St. Patrick's Church Erie PA",-80.085059,42.1292241,-80.08393,42.132758
"237",88,221,2,NA,"St. Patrick's Church",123,"Gold Hill","NV","5/30/1875","6/6/1875",660,"1","",NA,"","Paulist",NA,NA,NA,NA,"Gold Hill NV","St. Patrick's Church Gold Hill NV",-119.6574011,39.2904678,-119.6574011,39.2904678
"238",116,238,2,NA,"St. Patrick's Church",144,"Lanesboro","MN","10/8/1876","10/18/1876",620,"13","",NA,"","Paulist",NA,NA,NA,NA,"Lanesboro MN","St. Patrick's Church Lanesboro MN",-91.9768224,43.7207974,-91.9496,43.7169
"239",143,57,1,57,"St. Patrick's Church",89,"Newburgh","NY","3/2/1856","3/13/1856",1350,"several","New York",NA,"","Redemptorist",NA,2000,NA,NA,"Newburgh NY","St. Patrick's Church Newburgh NY",-74.0104178,41.5034271,-74.01,41.501111
"240",147,186,2,NA,"St. Patrick's Church",76,"New London","CT","10/26/1873","11/4/1873",1400,"2","",NA,"","Paulist",NA,NA,NA,NA,"New London CT","St. Patrick's Church New London CT",-72.0995209,41.3556539,-72.0995209,41.3556539
"241",148,33,1,33,"St. Patrick's Church",58,"New Orleans","LA","1/15/1854","1/29/1854",3000,"several","New Orleans",NA,"","Redemptorist",NA,NA,NA,NA,"New Orleans LA","St. Patrick's Church New Orleans LA",-90.0715323,29.9510658,-90.069793,29.946604
"242",178,30,1,30,"St. Patrick's Church",53,"Norfolk","VA","11/13/1853","11/24/1853",500,"many","Richmond",NA,"","Redemptorist",NA,NA,NA,NA,"Norfolk VA","St. Patrick's Church Norfolk VA",-76.2858726,36.8507689,-76.2858726,36.8507689
"243",179,58,1,58,"St. Patrick's Church",91,"Norfolk","VA","3/30/1856","4/6/1856",400,"","Richmond",NA,"","Redemptorist",NA,NA,NA,NA,"Norfolk VA","St. Patrick's Church Norfolk VA",-76.2858726,36.8507689,-76.2858726,36.8507689
"244",211,99,1,13,"St. Patrick's Church",209,"Quebec","QC","3/20/1859","4/3/1859",7250,"50","Quebec",NA,"","Paulist",NA,NA,NA,NA,"Quebec QC","St. Patrick's Church Quebec QC",-71.242796,46.8032826,-75.976331,46.3787329
"245",231,212,2,NA,"St. Patrick's Church",112,"San Francisco","CA","3/21/1875","4/5/1875",9000,"13","",NA,"","Paulist",NA,NA,NA,NA,"San Francisco CA","St. Patrick's Church San Francisco CA",-122.4194155,37.7749295,-122.403357,37.785384
"246",243,248,2,NA,"St. Patrick's Church",154,"Shieldsville","MN","11/26/1876","12/6/1876",1100,"3","",NA,"","Paulist",NA,NA,NA,NA,"Shieldsville MN","St. Patrick's Church Shieldsville MN",-93.4088334,44.3660744,-93.4127756,44.3640584
"247",268,46,1,46,"St. Patrick's Church",74,"Utica","NY","2/21/1855","3/4/1855",1000,"several","Albany",NA,"","Redemptorist",NA,NA,NA,NA,"Utica NY","St. Patrick's Church Utica NY",-75.232664,43.100903,-75.232664,43.100903
"248",273,64,1,64,"St. Patrick's Church",106,"Washington","DC","11/2/1856","11/15/1856",2700,"several","Baltimore",NA,"","Redemptorist",NA,NA,NA,NA,"Washington DC","St. Patrick's Church Washington DC",-77.0364641,38.9072309,-77.091206,38.915928
"249",276,87,1,1,"St. Patrick's Church",169,"Watertown","NY","4/18/1858","4/26/1858",1073,"5","",NA,"","Paulist",NA,NA,NA,NA,"Watertown NY","St. Patrick's Church Watertown NY",-75.9107565,43.9747838,-75.916656,43.975608
"250",199,51,1,51,"St. Paul's Cathedral",79,"Pittsburgh","PA","10/14/1855","10/28/1855",7600,"20","Pittsburgh",NA,"","Redemptorist",25000,14000,NA,NA,"Pittsburgh PA","St. Paul's Cathedral Pittsburgh PA",-79.9958864,40.4406248,-79.9498151,40.4473032
"251",92,282,NA,NA,"St. Paul's Church 117th St.",207,"Harlem","NY","2/3/1878","2/17/1878",4539,"0","New York",NA,"","",NA,NA,NA,NA,"Harlem NY","St. Paul's Church 117th St. Harlem NY",-73.9447994,40.8113824,-73.9420705,40.799791
"252",205,31,1,31,"St. Paul's Church",55,"Portsmouth","VA","11/13/1853","11/24/1853",330,"10","Richmond",NA,"","Redemptorist",NA,NA,NA,NA,"Portsmouth VA","St. Paul's Church Portsmouth VA",-76.2982742,36.8354258,-76.3761445,36.8591698
"253",208,97,1,11,"St. Paul's Church",202,"Princeton","NJ","1/23/1859","1/31/1859",570,"1","Newark",NA,"","Paulist",NA,NA,NA,NA,"Princeton NJ","St. Paul's Church Princeton NJ",-74.6672226,40.3572976,-74.654067,40.352637
"254",284,32,1,32,"St. Peter and Paul's Church",56,"Williamsburg, Brookyln, New York","NY","12/4/1853","12/18/1853",4000,"16","New York",NA,"","Redemptorist",15000,NA,50000,NA,"Williamsburg, Brookyln, New York NY","St. Peter and Paul's Church Williamsburg, Brookyln, New York NY",-73.9536163,40.7064461,-74.0059731,40.7143528
"255",52,18,1,18,"St. Peter's Cathedral",37,"Cincinnati","OH","9/26/1852","10/10/1852",5000,"","Cincinnati",NA,"","Redemptorist",NA,NA,NA,NA,"Cincinnati OH","St. Peter's Cathedral Cincinnati OH",-84.5120196,39.1031182,-84.5120196,39.1031182
"256",53,179,2,NA,"St. Peter's Cathedral",64,"Cincinnati","OH","2/23/1873","3/9/1873",3000,"2","Cincinnati",NA,"","Paulist",NA,NA,NA,NA,"Cincinnati OH","St. Peter's Cathedral Cincinnati OH",-84.5120196,39.1031182,-84.5120196,39.1031182
"257",161,90,1,4,"St. Peter's Cathedral",183,"New York","NY","10/10/1858","10/17/1858",2000,"","",NA,"","Paulist",NA,NA,NA,NA,"New York NY","St. Peter's Cathedral New York NY",-74.0059731,40.7143528,-74.0059731,40.7143528
"258",215,21,1,21,"St. Peter's Cathedral",40,"Richmond","VA","12/24/1852","1/3/1853",620,"several","Richmond",NA,"","Redemptorist",NA,NA,NA,NA,"Richmond VA","St. Peter's Cathedral Richmond VA",-77.4360481,37.5407246,-77.4352608,37.5407021
"259",287,172,2,NA,"St. Peter's Cathedral",56,"Wilmington","DE","10/29/1872","11/5/1872",1800,"","Wilmington",NA,"","Paulist",NA,NA,NA,NA,"Wilmington DE","St. Peter's Cathedral Wilmington DE",-75.5466667,39.7458333,-75.5531491,39.7428929
"260",12,43,1,43,"St. Peter's Church",70,"Baltimore","MD","12/3/1854","12/13/1854",2500,"several","Baltimore",NA,"","Redemptorist",NA,NA,NA,NA,"Baltimore MD","St. Peter's Church Baltimore MD",-76.6121893,39.2903848,-76.5123993,39.2949239
"261",16,98,1,12,"St. Peter's Church",206,"Belleville","NJ","2/13/1859","2/20/1859",1135,"2","Newark",NA,"","Paulist",NA,NA,NA,NA,"Belleville NJ","St. Peter's Church Belleville NJ",-74.1500469,40.7936744,-74.1565327,40.7848228
"262",36,133,1,47,"St. Peter's Church",296,"Cambridge","MA","4/27/1862","5/7/1862",2500,"2","Boston",NA,"","Paulist",NA,NA,NA,NA,"Cambridge MA","St. Peter's Church Cambridge MA",-71.1097335,42.3736158,-71.1068496,42.3671748
"263",141,27,1,27,"St. Peter's Church",52,"New Brighton, Staten Island","NY","9/29/1853","10/3/1853",1200,"","New York",NA,"","Redemptorist",NA,NA,NA,NA,"New Brighton, Staten Island NY","St. Peter's Church New Brighton, Staten Island NY",-74.090226,40.6404369,-74.0847222,40.6472222
"264",151,37,1,37,"St. Peter's Church",64,"New Orleans","LA","4/9/1854","4/17/1854",1700,"2","New Orleans",NA,"","Redemptorist",NA,NA,NA,NA,"New Orleans LA","St. Peter's Church New Orleans LA",-90.0715323,29.9510658,-90.1109862,29.9573799
"265",156,5,1,5,"St. Peter's Church",15,"New York","NY","9/28/1851","10/12/1851",4000,"","New York",NA,"","Redemptorist",10000,NA,NA,NA,"New York NY","St. Peter's Church New York NY",-74.0059731,40.7143528,-74.0841258,40.6470756
"266",207,76,1,76,"St. Peter's Church",140,"Poughkeepsie","NY","10/24/1857","11/6/1857",1950,"","",NA,"","Redemptorist",NA,NA,NA,NA,"Poughkeepsie NY","St. Peter's Church Poughkeepsie NY",-73.9209701,41.7003713,-73.8955978,41.7219197
"267",232,215,2,NA,"St. Peter's Church",116,"San Francisco","CA","4/11/1875","4/21/1875",1600,"5","",NA,"","Paulist",NA,NA,NA,NA,"San Francisco CA","St. Peter's Church San Francisco CA",-122.4194155,37.7749295,-122.4888608,37.7810408
"268",236,10,1,10,"St. Peter's Church",23,"Saratoga","NY","1/11/1852","1/22/1852",600,"several","Albany",NA,"","Redemptorist",1000,NA,NA,NA,"Saratoga NY","St. Peter's Church Saratoga NY",-73.6300729,43.0448483,-73.7869477,43.0764586
"269",266,11,1,11,"St. Peter's Church",27,"Troy","NY","1/25/1852","2/22/1852",3100,"","Albany",NA,"","Redemptorist",5000,NA,32000,NA,"Troy NY","St. Peter's Church Troy NY",-73.6917851,42.7284117,-73.6917851,42.7284117
"270",267,100,1,14,"St. Peter's Church",218,"Troy","NY","4/10/1859","4/20/1859",2600,"6","Albany",2440,"160","Paulist",NA,NA,NA,NA,"Troy NY","St. Peter's Church Troy NY",-73.6917851,42.7284117,-73.6917851,42.7284117
"271",285,63,1,63,"St. Peter's Church",102,"Wilmington","DE","10/12/1856","10/23/1856",1700,"","Philadelphia",NA,"","Redemptorist",NA,NA,NA,NA,"Wilmington DE","St. Peter's Church Wilmington DE",-75.5466667,39.7458333,-74.921133,42.275787
"272",63,68,1,68,"St. Philip and James' Church",116,"Columbus","GA","1/4/1857","1/11/1857",170,"1","Savannah",NA,"","Redemptorist",NA,NA,NA,NA,"Columbus GA","St. Philip and James' Church Columbus GA",-84.9877094,32.4609764,-84.9877094,32.4609764
"273",66,8,1,8,"St. Philip Benizi Church",22,"Cussewago","PA","12/1/1851","12/8/1851",270,"","Pittsburgh",NA,"","Redemptorist",NA,NA,NA,NA,"Cussewago PA","St. Philip Benizi Church Cussewago PA",-80.2098219,41.7985407,-80.2098219,41.7985407
"274",213,128,1,42,"St. Philomena's Church",291,"Rawley","PA","2/2/1862","2/10/1862",1150,"1","",NA,"","Paulist",NA,NA,NA,NA,"Rawley PA","St. Philomena's Church Rawley PA",-80.06532,40.3647715,-77.1945247,41.2033216
"275",49,269,NA,NA,"St. Pius Church",187,"Chicago","IL","9/30/1877","10/11/1877",1280,"0","",NA,"","",NA,NA,NA,NA,"Chicago IL","St. Pius Church Chicago IL",-87.6297982,41.8781136,-87.6658589,41.8552429
"276",131,110,1,24,"St. Rose's Church",249,"Meriden","CT","3/11/1860","3/18/1860",810,"","Hartford",770,"40","Paulist",NA,NA,NA,NA,"Meriden CT","St. Rose's Church Meriden CT",-72.8070435,41.5381535,-72.7931107,41.5350462
"277",101,116,1,30,"St. Soryl's Church",263,"Hudson City","NJ","11/4/1860","11/12/1860",1100,"1","Newark",NA,"","Paulist",NA,NA,NA,NA,"Hudson City NJ","St. Soryl's Church Hudson City NJ",-74.0247891,40.7196726,-74.4056612,40.0583238
"278",81,274,NA,NA,"St Stephen's Church",197,"Flora","IL","10/14/1877","10/21/1887",150,"4","Alton",NA,"","",NA,NA,NA,NA,"Flora IL","St Stephen's Church Flora IL",-88.4856042,38.6689364,-88.4884357,38.6752582
"279",159,55,1,55,"St. Stephen's Church",86,"New York","NY","1/6/1856","1/18/1856",4000,"","New York",NA,"","Redemptorist",NA,NA,NA,NA,"New York NY","St. Stephen's Church New York NY",-74.0059731,40.7143528,-73.981559,40.742825
"280",168,131,1,45,"St. Stephen's Church",295,"New York","NY","3/30/1862","4/6/1862",2400,"","New York",NA,"","Paulist",NA,NA,NA,NA,"New York NY","St. Stephen's Church New York NY",-74.0059731,40.7143528,-73.981559,40.742825
"281",153,39,1,39,"St. Theresa's Church",65,"New Orleans","LA","5/14/1854","5/21/1854",1500,"","New Orleans",NA,"","Redemptorist",NA,NA,NA,NA,"New Orleans LA","St. Theresa's Church New Orleans LA",-90.0715323,29.9510658,-90.0715323,29.9510658
"282",171,177,2,NA,"St. Theresa's Church",61,"New York","NY","1/12/1873","1/26/1873",6600,"10","New York",NA,"","Paulist",NA,NA,NA,NA,"New York NY","St. Theresa's Church New York NY",-74.0059731,40.7143528,-74.0059731,40.7143528
"283",170,147,2,NA,"St. Theresa's ",14,"New York","NY","1/3/1864","1/15/1864",4500,"6","New York",NA,"","Paulist",NA,NA,NA,NA,"New York NY","St. Theresa's  New York NY",-74.0059731,40.7143528,-73.8338527,40.8493157
"284",4,95,1,9,"St. Thomas's Church",196,"Ann Arbor","MI","12/12/1858","12/19/1858",910,"5","",NA,"","Paulist",NA,NA,NA,NA,"Ann Arbor MI","St. Thomas's Church Ann Arbor MI",-83.7430378,42.2808256,-83.7430378,42.2808256
"285",217,241,2,NA,"St. Thomas's Church",147,"Rochester","MN","11/19/1876","11/28/1876",1537,"8","",NA,"","Paulist",NA,NA,NA,516,"Rochester MN","St. Thomas's Church Rochester MN",-92.46295,44.0234,-92.46295,44.0234
"286",291,9,1,9,"St. Vincent's Church (Benedictine)",22,"Youngstown","PA","12/10/1851","12/19/1851",1000,"","Pittsburgh",NA,"","Redemptorist",1500,NA,NA,NA,"Youngstown PA","St. Vincent's Church (Benedictine) Youngstown PA",-79.3655913,40.2797927,-79.3655913,40.2797927
"287",9,69,1,69,"Trinity Church",119,"Augusta","GA","12/14/1856","12/24/1856",750,"","Savannah",NA,"","Redemptorist",NA,NA,NA,NA,"Augusta GA","Trinity Church Augusta GA",-82.0105148,33.4734978,-81.9667748,33.4715402
"288",278,152,2,NA,"",23,"Webster","MA","4/17/1864","4/24/1864",700,"","",NA,"","Paulist",NA,NA,NA,NA,"Webster MA"," Webster MA",-71.8800628,42.050091,-71.8800628,42.050091
"289",279,291,NA,NA,"",220,"West Roxbury","MA","5/12/1878","5/21/1878",424,"3","Boston",NA,"","",NA,NA,NA,NA,"West Roxbury MA"," West Roxbury MA",-71.1626756,42.2797554,-71.1626756,42.2797554
"290",280,84,1,84,"",156,"West Rutland","VT","2/21/1858","3/1/1858",1008,"3","Burlington",NA,"","Redemptorist",NA,NA,NA,NA,"West Rutland VT"," West Rutland VT",-73.0451081,43.5930919,-73.0451081,43.5930919
"291",289,258,NA,NA,"",166,"Yankton","SD","12/10/1876","12/17/1876",320,"5","St. Paul",NA,"","",NA,NA,NA,NA,"Yankton SD"," Yankton SD",-97.3972813,42.8711088,-97.3972813,42.8711088
