"","volume","mission.number","church","page","city","state","start.date","end.date","communion.general","converts","diocese","communion.adults","communion.children","order","parish.population","parish.population.english","location.population","adult.confirmations","notes","location"
"1",1,"1","St. Joseph's Church",1,"New York","NY","4/6/1851","4/20/1851",6000,"","New York",5600,"400","Redemptorist",NA,NA,NA,NA,"","New York NY"
"2",1,"2","St. Michael's Church",6,"Loretto","PA","4/27/1851","5/11/1851",1700,"","Pittsburgh",NA,"60-100","Redemptorist",3000,NA,NA,NA,"","Loretto PA"
"3",1,"3","St. Mary's Church",11,"Hollidaysburg","PA","5/18/1851","5/28/1851",1000,"","Pittsburgh",NA,"","Redemptorist",1500,NA,4000,NA,"","Hollidaysburg PA"
"4",1,"4","Church of St. John Evangelist",12,"Johnstown","PA","5/31/1851","6/8/1851",1000,"","Pittsburgh",NA,"","Redemptorist",1500,NA,NA,NA,"","Johnstown PA"
"5",1,"5","St. Peter's Church",15,"New York","NY","9/28/1851","10/12/1851",4000,"","New York",NA,"","Redemptorist",10000,NA,NA,NA,"","New York NY"
"6",1,"6","St. Patrick's Cathedral",18,"New York","NY","10/19/1851","11/3/1851",7000,"","New York",NA,"","Redemptorist",15000,NA,NA,NA,"","New York NY"
"7",1,"7","St. Patrick's Church",20,"Erie","PA","11/17/1851","11/28/1851",1000,"","Pittsburgh",NA,"","Redemptorist",2000,NA,NA,NA,"","Erie PA"
"8",1,"8","St. Philip Benizi Church",22,"Cussewago","PA","12/1/1851","12/8/1851",270,"","Pittsburgh",NA,"","Redemptorist",NA,NA,NA,NA,"","Cussewago PA"
"9",1,"9","St. Vincent's Church (Benedictine)",22,"Youngstown","PA","12/10/1851","12/19/1851",1000,"","Pittsburgh",NA,"","Redemptorist",1500,NA,NA,NA,"","Youngstown PA"
"10",1,"10","St. Peter's Church",23,"Saratoga","NY","1/11/1852","1/22/1852",600,"several","Albany",NA,"","Redemptorist",1000,NA,NA,NA,"","Saratoga NY"
"11",1,"11","St. Peter's Church",27,"Troy","NY","1/25/1852","2/22/1852",3100,"","Albany",NA,"","Redemptorist",5000,NA,32000,NA,"","Troy NY"
"12",1,"12","St. Joseph's Church",28,"Albany","NY","2/29/1852","3/14/1852",4000,"","Albany",NA,"","Redemptorist",5000,NA,NA,NA,"","Albany NY"
"13",1,"13","Ss. Peter and Paul's Cathedral",31,"Detroit","MI","3/21/1852","4/4/1852",3000,"","Detroit",NA,"","Redemptorist",12000,NA,20000,NA,"","Detroit MI"
"14",1,"14","St. John's Church",33,"Philadelphia","PA","5/2/1852","5/16/1852",3000,"","Philadelphia",NA,"","Redemptorist",NA,NA,NA,NA,"","Philadelphia PA"
"15",1,"15","Church of the Assumption",33,"Philadelphia","PA","5/19/1852","5/31/1852",1700,"","Philadelphia",NA,"","Redemptorist",NA,NA,NA,NA,"","Philadelphia PA"
"16",1,"16","St. Bernard's Church",35,"Cohoes","NY","6/10/1852","6/20/1852",1400,"","Albany",NA,"","Redemptorist",NA,NA,NA,NA,"","Cohoes NY"
"17",1,"17","St. James's Cathedral",36,"Wheeling","WV","9/5/1852","9/15/1852",1250,"several","Wheeling-Charleston",NA,"","Redemptorist",NA,NA,NA,NA,"","Wheeling WV"
"18",1,"18","St. Peter's Cathedral",37,"Cincinnati","OH","9/26/1852","10/10/1852",5000,"","Cincinnati",NA,"","Redemptorist",NA,NA,NA,NA,"","Cincinnati OH"
"19",1,"19","Cathedral of the Assumption",38,"Louisville","KY","10/17/1852","10/31/1852",2000,"several","Louisville",NA,"","Redemptorist",NA,NA,NA,NA,"","Louisville KY"
"20",1,"20","Cathedral of the Immaculate Conception",39,"Albany","NY","11/28/1852","12/12/1852",4500,"several","Albany",NA,"","Redemptorist",NA,NA,NA,NA,"","Albany NY"
"21",1,"21","St. Peter's Cathedral",40,"Richmond","VA","12/24/1852","1/3/1853",620,"several","Richmond",NA,"","Redemptorist",NA,NA,NA,NA,"","Richmond VA"
"22",1,"22","St. John's Cathedral",41,"Cleveland","OH","1/23/1853","2/6/1853",2300,"several","Cleveland",NA,"","Redemptorist",NA,NA,NA,NA,"","Cleveland OH"
"23",1,"23","St. Mary's Church",42,"Philadelphia","PA","2/20/1853","3/6/1853",2550,"several","Philadelphia",NA,"","Redemptorist",NA,NA,NA,NA,"","Philadelphia PA"
"24",1,"24","Cathedral of Baltimore",45,"Baltimore","MD","4/10/1853","4/24/1853",4500,"","Baltimore",NA,"","Redemptorist",NA,NA,NA,NA,"","Baltimore MD"
"25",1,"25","St. Ignatius' Church",51,"Harford County","MD","8/28/1853","9/10/1853",320,"","Baltimore",NA,"","Redemptorist",NA,NA,NA,NA,"","Harford County MD"
"26",1,"26","St. Michael's Church",51,"Flushing","NY","9/11/1853","9/18/1853",950,"","New York",NA,"","Redemptorist",NA,NA,NA,NA,"","Flushing NY"
"27",1,"27","St. Peter's Church",52,"New Brighton, Staten Island","NY","9/29/1853","10/3/1853",1200,"","New York",NA,"","Redemptorist",NA,NA,NA,NA,"","New Brighton, Staten Island NY"
"28",1,"28","St. Mary's Church",52,"Yonkers","NY","9/29/1853","10/2/1853",550,"","New York",NA,"","Redemptorist",NA,NA,NA,NA,"","Yonkers NY"
"29",1,"29","St. Mary's Church",53,"New York","NY","10/16/1853","10/30/1853",7800,"","New York",NA,"","Redemptorist",NA,NA,NA,NA,"","New York NY"
"30",1,"30","St. Patrick's Church",53,"Norfolk","VA","11/13/1853","11/24/1853",500,"many","Richmond",NA,"","Redemptorist",NA,NA,NA,NA,"","Norfolk VA"
"31",1,"31","St. Paul's Church",55,"Portsmouth","VA","11/13/1853","11/24/1853",330,"10","Richmond",NA,"","Redemptorist",NA,NA,NA,NA,"","Portsmouth VA"
"32",1,"32","St. Peter and Paul's Church",56,"Williamsburg, Brookyln, New York","NY","12/4/1853","12/18/1853",4000,"16","New York",NA,"","Redemptorist",15000,NA,50000,NA,"","Williamsburg, Brookyln, New York NY"
"33",1,"33","St. Patrick's Church",58,"New Orleans","LA","1/15/1854","1/29/1854",3000,"several","New Orleans",NA,"","Redemptorist",NA,NA,NA,NA,"","New Orleans LA"
"34",1,"34","St. Joseph's Church",61,"New Orleans","LA","2/12/1854","2/21/1854",1300,"several","New Orleans",NA,"","Redemptorist",NA,NA,NA,NA,"","New Orleans LA"
"35",1,"35","Cathedral of the Immaculate Conception",62,"Mobile","AL","3/4/1854","3/16/1854",1300,"2","Mobile",NA,"","Redemptorist",NA,NA,NA,NA,"","Mobile AL"
"36",1,"36","St. Alphonsus' Church",63,"New Orleans","LA","3/26/1854","4/5/1854",2000,"","New Orleans",NA,"","Redemptorist",NA,NA,NA,NA,"","New Orleans LA"
"37",1,"37","St. Peter's Church",64,"New Orleans","LA","4/9/1854","4/17/1854",1700,"2","New Orleans",NA,"","Redemptorist",NA,NA,NA,NA,"","New Orleans LA"
"38",1,"38","St. John Baptist's Church",64,"New Orleans","LA","4/23/1854","4/30/1854",1500,"2","New Orleans",NA,"","Redemptorist",NA,NA,NA,NA,"","New Orleans LA"
"39",1,"39","St. Theresa's Church",65,"New Orleans","LA","5/14/1854","5/21/1854",1500,"","New Orleans",NA,"","Redemptorist",NA,NA,NA,NA,"","New Orleans LA"
"40",1,"40","St. John's Church",66,"Schenectady","NY","10/8/1854","10/18/1854",1300,"","",NA,"","Redemptorist",NA,NA,NA,NA,"","Schenectady NY"
"41",1,"41","",67,"Patterson","NJ","10/29/1854","11/9/1854",2700,"","",NA,"","Redemptorist",NA,NA,NA,NA,"","Patterson NJ"
"42",1,"42","Church of Our Lady of the Mountain",68,"Emmitsburg","MD","11/19/1854","11/26/1854",500,"","Baltimore",NA,"","Redemptorist",NA,NA,NA,NA,"","Emmitsburg MD"
"43",1,"43","St. Peter's Church",70,"Baltimore","MD","12/3/1854","12/13/1854",2500,"several","Baltimore",NA,"","Redemptorist",NA,NA,NA,NA,"","Baltimore MD"
"44",1,"44","St. Patrick's Cathedral",71,"Newark","NK","12/31/1854","1/14/1855",4400,"","Newark",NA,"","Redemptorist",NA,NA,NA,NA,"","Newark NK"
"45",1,"45","St. Mary's Church",72,"Charlestown","MA","1/28/1855","2/11/1855",2800,"several","Boston",NA,"","Redemptorist",NA,NA,NA,NA,"","Charlestown MA"
"46",1,"46","St. Patrick's Church",74,"Utica","NY","2/21/1855","3/4/1855",1000,"several","Albany",NA,"","Redemptorist",NA,NA,NA,NA,"","Utica NY"
"47",1,"47","Church of the Annunciation",75,"Manhattanville","NY","3/18/1855","4/1/1855",1400,"","New York",NA,"","Redemptorist",NA,NA,NA,NA,"","Manhattanville NY"
"48",1,"48","",76,"Lexington","KY","4/15/1855","4/25/1855",600,"3","Covington",NA,"","Redemptorist",NA,NA,NA,NA,"","Lexington KY"
"49",1,"49","",76,"Frankfort","KY","4/29/1855","5/3/1855",350,"2","Covington",NA,"","Redemptorist",NA,NA,NA,NA,"","Frankfort KY"
"50",1,"50","",79,"Canandagua","NY","9/9/1855","9/17/1855",700,"","Buffalo",NA,"","Redemptorist",NA,NA,NA,NA,"","Canandagua NY"
"51",1,"51","St. Paul's Cathedral",79,"Pittsburgh","PA","10/14/1855","10/28/1855",7600,"20","Pittsburgh",NA,"","Redemptorist",25000,14000,NA,NA,"","Pittsburgh PA"
"52",1,"52","St. Joseph's Cathedral",83,"Buffalo","NY","11/11/1855","11/21/1855",3000,"several","Buffalo",NA,"","Redemptorist",30000,8000,NA,NA,"","Buffalo NY"
"53",1,"53","Church of the Holy Angels",84,"Sandusky","OH","12/2/1855","12/12/1855",1100,"","Cleveland",NA,"","Redemptorist",NA,NA,NA,NA,"","Sandusky OH"
"54",1,"54","St. John's Cathedral",85,"Cleveland","OH","12/16/1855","12/25/1855",3300,"","Cleveland",NA,"","Redemptorist",NA,NA,NA,NA,"","Cleveland OH"
"55",1,"55","St. Stephen's Church",86,"New York","NY","1/6/1856","1/18/1856",4000,"","New York",NA,"","Redemptorist",NA,NA,NA,NA,"","New York NY"
"56",1,"56","Church of OUr Lady Start of the Sea",87,"Brooklyn","NY","2/3/1856","2/17/1856",2800,"1","New York",NA,"","Redemptorist",NA,3500,NA,NA,"","Brooklyn NY"
"57",1,"57","St. Patrick's Church",89,"Newburgh","NY","3/2/1856","3/13/1856",1350,"several","New York",NA,"","Redemptorist",NA,2000,NA,NA,"","Newburgh NY"
"58",1,"58","St. Patrick's Church",91,"Norfolk","VA","3/30/1856","4/6/1856",400,"","Richmond",NA,"","Redemptorist",NA,NA,NA,NA,"","Norfolk VA"
"59",1,"59","",95,"Portsmouth","VA","3/30/1856","4/8/1856",520,"9","Richmond",NA,"","Redemptorist",NA,NA,NA,NA,"","Portsmouth VA"
"60",1,"60","Richmond Cathedral",95,"Richmond","VA","4/13/1856","4/23/1856",900,"","Richmond",NA,"","Redemptorist",NA,NA,NA,NA,"","Richmond VA"
"61",1,"61","",97,"Petersburg","VA","4/13/1856","4/18/1856",210,"","Richmond",NA,"","Redemptorist",NA,400,NA,NA,"","Petersburg VA"
"62",1,"62","St. Mary's Church",97,"Hoboken","NJ","9/28/1856","10/5/1856",700,"7","Newark",NA,"","Redemptorist",NA,NA,NA,NA,"","Hoboken NJ"
"63",1,"63","St. Peter's Church",102,"Wilmington","DE","10/12/1856","10/23/1856",1700,"","Philadelphia",NA,"","Redemptorist",NA,NA,NA,NA,"","Wilmington DE"
"64",1,"64","St. Patrick's Church",106,"Washington","DC","11/2/1856","11/15/1856",2700,"several","Baltimore",NA,"","Redemptorist",NA,NA,NA,NA,"","Washington DC"
"65",1,"65","St. John's Church",111,"Savannah","GA","11/23/1856","12/7/1856",2500,"several","Savannah",NA,"","Redemptorist",NA,NA,NA,NA,"","Savannah GA"
"66",1,"66","Church of the Immaculate Conception",113,"Atlanta","GA","12/14/1856","12/19/1856",190,"several","Savannah",NA,"","Redemptorist",NA,NA,NA,NA,"","Atlanta GA"
"67",1,"67","Church of the Assumption of the Blessed Virgin Mary",114,"Macon","GA","12/21/1856","12/28/1856",210,"several","Savannah",NA,"","Redemptorist",NA,NA,NA,NA,"","Macon GA"
"68",1,"68","St. Philip and James' Church",116,"Columbus","GA","1/4/1857","1/11/1857",170,"1","Savannah",NA,"","Redemptorist",NA,NA,NA,NA,"","Columbus GA"
"69",1,"69","Trinity Church",119,"Augusta","GA","12/14/1856","12/24/1856",750,"","Savannah",NA,"","Redemptorist",NA,NA,NA,NA,"","Augusta GA"
"70",1,"70","",126,"St. Augustine","FL","1/4/1857","1/11/1857",600,"","",NA,"","Redemptorist",NA,NA,NA,NA,"","St. Augustine FL"
"71",1,"71","Cathedral of St. John and St. Finabarr",129,"Charleston","SC","1/25/1857","2/8/1857",3100,"20","Charleston",NA,"200","Redemptorist",NA,NA,NA,NA,"","Charleston SC"
"72",1,"72","St. Mary's Church",133,"Roudout","NY","3/1/1857","3/15/1857",2200,"","",NA,"","Redemptorist",NA,NA,5000,NA,"","Roudout NY"
"73",1,"73","St. Mary's Church",136,"Hudson","NY","3/22/1857","3/29/1857",800,"","",NA,"","Redemptorist",NA,NA,NA,NA,"","Hudson NY"
"74",1,"74","St. James' Church ",137,"Newark","NJ","9/26/1857","10/6/1857",1900,"","",NA,"","Redemptorist",NA,NA,NA,NA,"","Newark NJ"
"75",1,"75","Church of Our Lady of Loretto",138,"Cold Spring","NY","10/11/1857","10/18/1857",800,"2","",NA,"","Redemptorist",NA,NA,NA,NA,"","Cold Spring NY"
"76",1,"76","St. Peter's Church",140,"Poughkeepsie","NY","10/24/1857","11/6/1857",1950,"","",NA,"","Redemptorist",NA,NA,NA,NA,"","Poughkeepsie NY"
"77",1,"77","St. John's Church",142,"Utica","NY","11/15/1857","11/27/1857",3000,"","",NA,"","Redemptorist",NA,NA,NA,NA,"","Utica NY"
"78",1,"78","St. Joseph's Church",144,"Brandywine","DE","12/6/1857","12/14/1857",920,"1","Philadelphia",NA,"","Redemptorist",NA,NA,NA,NA,"","Brandywine DE"
"79",1,"79","St. John the Baptist's Church",145,"Trenton","NJ","12/20/1857","12/31/1857",2050,"5","Newark",NA,"","Redemptorist",NA,NA,NA,NA,"","Trenton NJ"
"80",1,"80","Cathedral of Burlington",148,"Burlington","VT","1/10/1858","1/18/1858",1400,"2","Burlington",NA,"","Redemptorist",NA,NA,NA,NA,"","Burlington VT"
"81",1,"81","St John Baptist's Church",151,"Plattsburg","NY","1/24/1858","1/31/1858",1100,"1","Albany",NA,"","Redemptorist",NA,NA,NA,NA,"","Plattsburg NY"
"82",1,"82","",153,"Brandon","VT","2/7/1858","2/11/1858",277,"","Burlington",NA,"","Redemptorist",NA,NA,NA,NA,"","Brandon VT"
"83",1,"83","",155,"East Rutland","VT","2/7/1858","2/15/1858",840,"","Burlington",NA,"","Redemptorist",NA,NA,NA,NA,"","East Rutland VT"
"84",1,"84","",156,"West Rutland","VT","2/21/1858","3/1/1858",1008,"3","Burlington",NA,"","Redemptorist",NA,NA,NA,NA,"","West Rutland VT"
"85",1,"85","",157,"Saratoga Springs","NY","3/7/1858","3/15/1858",970,"","",NA,"","Redemptorist",NA,NA,NA,NA,"","Saratoga Springs NY"
"86",1,"86","",158,"Little Falls","NY","3/21/1858","3/28/1858",800,"3","",NA,"","Redemptorist",NA,NA,NA,NA,"","Little Falls NY"
"87",1,"1","St. Patrick's Church",169,"Watertown","NY","4/18/1858","4/26/1858",1073,"5","",NA,"","Paulist",NA,NA,NA,NA,"","Watertown NY"
"88",1,"2","St. Bridget's Church",172,"New York","NY","5/2/1858","5/16/1858",5700,"15","",NA,"","Paulist",NA,NA,NA,NA,"","New York NY"
"89",1,"3","Cathedral of Ss. Peter & Paul",178,"Providence","RI","9/19/1858","10/1/1858",4430,"","",NA,"","Paulist",NA,NA,NA,NA,"","Providence RI"
"90",1,"4","St. Peter's Cathedral",183,"New York","NY","10/10/1858","10/17/1858",2000,"","",NA,"","Paulist",NA,NA,NA,NA,"","New York NY"
"91",1,"5","St. Mary's Cathedral",186,"Covington","KY","10/24/1858","11/1/1858",1450,"","Covington",NA,"","Paulist",NA,NA,NA,NA,"","Covington KY"
"92",1,"6","St. Augustine's Church",189,"Kalamazoo","MI","11/7/1858","11/14/1858",430,"2","",NA,"","Paulist",NA,NA,NA,NA,"","Kalamazoo MI"
"93",1,"7","Church of the Immaculate Conception",192,"Marshall","MI","11/21/1858","11/26/1858",575,"1","",NA,"","Paulist",NA,NA,NA,NA,"","Marshall MI"
"94",1,"8","St. John's Church",193,"Jackson","MI","11/28/1858","12/5/1858",450,"1","",NA,"","Paulist",NA,NA,NA,NA,"","Jackson MI"
"95",1,"9","St. Thomas's Church",196,"Ann Arbor","MI","12/12/1858","12/19/1858",910,"5","",NA,"","Paulist",NA,NA,NA,NA,"","Ann Arbor MI"
"96",1,"10","St. Mary's Church",200,"New Haven","CT","1/2/1859","1/14/1859",2060,"4","Hartford",NA,"","Paulist",NA,NA,NA,NA,"","New Haven CT"
"97",1,"11","St. Paul's Church",202,"Princeton","NJ","1/23/1859","1/31/1859",570,"1","Newark",NA,"","Paulist",NA,NA,NA,NA,"","Princeton NJ"
"98",1,"12","St. Peter's Church",206,"Belleville","NJ","2/13/1859","2/20/1859",1135,"2","Newark",NA,"","Paulist",NA,NA,NA,NA,"","Belleville NJ"
"99",1,"13","St. Patrick's Church",209,"Quebec","QC","3/20/1859","4/3/1859",7250,"50","Quebec",NA,"","Paulist",NA,NA,NA,NA,"","Quebec QC"
"100",1,"14","St. Peter's Church",218,"Troy","NY","4/10/1859","4/20/1859",2600,"6","Albany",2440,"160","Paulist",NA,NA,NA,NA,"","Troy NY"
"101",1,"15","Cathedral of the Immaculate Conception",223,"St. John","NB","9/4/1859","9/15/1859",8450,"6","Halifax",NA,"","Paulist",NA,NA,NA,NA,"","St. John NB"
"102",1,"16","St. Mary's Church",227,"Jersey City","NJ","10/2/1859","10/10/1859",1950,"3","Newark",1800,"150","Paulist",NA,NA,NA,NA,"","Jersey City NJ"
"103",1,"17","St. Mary's Church",230,"New York","NY","10/16/1859","10/23/1859",3500,"5","New York",NA,"","Paulist",NA,NA,NA,NA,"","New York NY"
"104",1,"18","St. James' Church",234,"Bridgeport","CT","10/30/1859","11/7/1859",1570,"","Hartford",NA,"","Paulist",NA,NA,NA,NA,"","Bridgeport CT"
"105",1,"19","Church of St. Paul the Apostle",237,"New York","NY","12/18/1859","12/25/1859",800,"","New York",725,"75","Paulist",NA,NA,NA,NA,"","New York NY"
"106",1,"20","St. Mary's Church",239,"Clifton, Staten Island","NY","1/1/1860","1/8/1860",1250,"3","New York",1159,"91","Paulist",NA,NA,NA,NA,"","Clifton, Staten Island NY"
"107",1,"21","Church of the Immaculate Conception",241,"Waterbury","CT","1/15/1860","1/29/1860",2800,"3","Hartford",NA,"","Paulist",NA,NA,NA,NA,"","Waterbury CT"
"108",1,"22","St. John's Church",244,"Middletown","CT","2/5/1860","2/14/1860",2270,"3","Hartford",2100,"170","Paulist",NA,NA,NA,NA,"","Middletown CT"
"109",1,"23","St. Mary's Church",NA,"New Britain","CT","2/19/1860","2/28/1860",1230,"","Hartford",NA,"","Paulist",NA,NA,NA,NA,"","New Britain CT"
"110",1,"24","St. Rose's Church",249,"Meriden","CT","3/11/1860","3/18/1860",810,"","Hartford",770,"40","Paulist",NA,NA,NA,NA,"","Meriden CT"
"111",1,"25","Church of St. Paul the Apostle",250,"New York","NY","3/25/1860","3/28/1860",925,"","New York",NA,"","Paulist",NA,NA,NA,NA,"","New York NY"
"112",1,"26","Cathedral",251,"Kingston","ON","4/15/1860","4/25/1860",2640,"5","Kingston",NA,"","Paulist",NA,NA,NA,NA,"","Kingston ON"
"113",1,"27","St. Mary's Church",255,"Norwich","CT","5/6/1860","5/16/1860",1900,"5","",NA,"","Paulist",NA,NA,NA,NA,"","Norwich CT"
"114",1,"28","Church of the Immaculate Conception",259,"Lawrence","MA","9/30/1860","10/12/1860",2150,"","Boston",NA,"","Paulist",NA,NA,NA,NA,"","Lawrence MA"
"115",1,"29","St. Patrick's Church",261,"Elizabethport","NJ","10/20/1860","10/28/1860",1000,"1","Newark",NA,"","Paulist",NA,NA,NA,NA,"","Elizabethport NJ"
"116",1,"30","St. Soryl's Church",263,"Hudson City","NJ","11/4/1860","11/12/1860",1100,"1","Newark",NA,"","Paulist",NA,NA,NA,NA,"","Hudson City NJ"
"117",1,"31","St. James Church",266,"New York","NY","11/25/1860","12/9/1860",6950,"10","New York",NA,"","Paulist",NA,NA,NA,NA,"","New York NY"
"118",1,"32","St. John Baptist Church",271,"Boston","MA","12/30/1860","1/10/1861",4550,"","Boston",NA,"","Paulist",NA,NA,NA,NA,"","Boston MA"
"119",1,"33","St. Gregory's Church",274,"Haverhill","MA","1/20/1861","1/28/1861",1002,"4","Boston",NA,"","Paulist",NA,NA,NA,NA,"","Haverhill MA"
"120",1,"34","Church of the Holy Redeemer",276,"East Boston","MA","2/13/1861","2/27/1861",2900,"","Boston",NA,"","Paulist",NA,NA,NA,NA,"","East Boston MA"
"121",1,"35","Church of the Immaculate Conception",278,"Newburyport","MA","3/3/1861","3/13/1861",1900,"","Boston",NA,"","Paulist",NA,NA,NA,NA,"","Newburyport MA"
"122",1,"36","",281,"Pittston","PA","4/14/1861","4/22/1861",1980,"3","",NA,"","Paulist",NA,NA,NA,NA,"","Pittston PA"
"123",1,"37","",282,"Holyoke","MA","4/28/1861","5/9/1861",1850,"5","Boston",NA,"","Paulist",NA,NA,NA,NA,"","Holyoke MA"
"124",1,"38","St. Mary's Church",284,"Elizabeth","NJ","10/6/1861","10/14/1861",950,"1","",NA,"","Paulist",NA,NA,NA,NA,"","Elizabeth NJ"
"125",1,"39","St. Michael's Church",285,"New York","NY","11/17/1861","11/28/1861",4000,"","New York",NA,"","Paulist",NA,NA,NA,NA,"","New York NY"
"126",1,"40","",287,"Newport","NY","12/29/1861","1/5/1862",370,"1","",NA,"","Paulist",NA,NA,NA,NA,"","Newport NY"
"127",1,"41","",291,"Dunmore","PA","1/19/1862","1/26/1862",700,"","",NA,"","Paulist",NA,NA,NA,NA,"","Dunmore PA"
"128",1,"42","St. Philomena's Church",291,"Rawley","PA","2/2/1862","2/10/1862",1150,"1","",NA,"","Paulist",NA,NA,NA,NA,"","Rawley PA"
"129",1,"43","St. John's Church",292,"Orange","NJ","2/2/1862","2/9/1862",1000,"2","",NA,"","Paulist",NA,NA,NA,NA,"","Orange NJ"
"130",1,"44","Church of the Immaculate Conception",293,"New York","NY","3/2/1862","3/16/1862",6800,"1","New York",NA,"","Paulist",NA,NA,NA,NA,"","New York NY"
"131",1,"45","St. Stephen's Church",295,"New York","NY","3/30/1862","4/6/1862",2400,"","New York",NA,"","Paulist",NA,NA,NA,NA,"","New York NY"
"132",1,"46","",295,"Scranton ","PA","5/18/1862","5/29/1862",2500,"","",NA,"","Paulist",NA,NA,NA,NA,"","Scranton  PA"
"133",1,"47","St. Peter's Church",296,"Cambridge","MA","4/27/1862","5/7/1862",2500,"2","Boston",NA,"","Paulist",NA,NA,NA,NA,"","Cambridge MA"
"134",2,"","St. John's Church",1,"Stamford","CT","9/28/1862","10/5/1862",900,"2","",NA,"","Paulist",NA,NA,NA,NA,"","Stamford CT"
"135",2,"","Church of the Immaculate Conception",2,"Jersey City","NJ","10/12/1862","10/23/1862",2875,"","",NA,"","Paulist",NA,NA,NA,NA,"","Jersey City NJ"
"136",2,"","St. Mary's Cathedral",3,"Halifax","NS","11/30/1862","12/8/1862",5636,"4","Halifax",NA,"","Paulist",NA,NA,NA,NA,"","Halifax NS"
"137",2,"","Nativity Church",4,"New York","NY","1/4/1863","1/16/1863",3500,"","New York",NA,"","Paulist",NA,NA,NA,NA,"","New York NY"
"138",2,"","Church of St. Rose of Lima",5,"Carbondale","PA","1/25/1863","2/3/1863",2100,"7","",NA,"","Paulist",NA,NA,NA,NA,"","Carbondale PA"
"139",2,"","Assumption Church",6,"Philadelphia","PA","2/15/1863","2/26/1863",1500,"","",NA,"","Paulist",NA,NA,NA,NA,"","Philadelphia PA"
"140",2,"","Cathedral of the Holy Cross",7,"Boston","MA","3/8/1863","3/17/1863",3000,"","Boston",NA,"","Paulist",NA,NA,NA,NA,"","Boston MA"
"141",2,"","Church of the Most Holy Name of Jesus",8,"Chicopee","MA","4/12/1863","4/20/1863",2600,"3","Boston",NA,"","Paulist",NA,NA,NA,NA,"","Chicopee MA"
"142",2,"","St. Joseph's Church",9,"Pittsfield","MA","5/3/1863","5/12/1863",2000,"1","",NA,"","Paulist",NA,NA,NA,NA,"","Pittsfield MA"
"143",2,"","Church of Our Lady of Mercy",10,"Port Chester","NY","9/13/1863","9/21/1863",710,"1","New York",NA,"","Paulist",NA,NA,NA,NA,"","Port Chester NY"
"144",2,"","Cathedral of the Holy Name",11,"Chicago","IL","10/4/1863","10/14/1863",2600,"8","Chicago",NA,"","Paulist",NA,NA,NA,NA,"","Chicago IL"
"145",2,"","St. Patrick's Cathedral",12,"St. Louis","MO","10/25/1863","11/4/1863",2500,"3","St. Louis",NA,"","Paulist",NA,NA,NA,NA,"","St. Louis MO"
"146",2,"","St. John's Church",13,"St. Louis","MO","11/15/1863","11/24/1863",1300,"","",NA,"","Paulist",NA,NA,NA,NA,"","St. Louis MO"
"147",2,"","St. Theresa's ",14,"New York","NY","1/3/1864","1/15/1864",4500,"6","New York",NA,"","Paulist",NA,NA,NA,NA,"","New York NY"
"148",2,"","St. John's Church",15,"Honesdale","PA","1/24/1864","2/1/1864",1400,"1","Philadelphia",NA,"","Paulist",NA,NA,NA,NA,"","Honesdale PA"
"149",2,"","Church of the Immaculate Conception",17,"Stoughton","MA","2/14/1864","2/21/1864",567,"","",NA,"","Paulist",NA,NA,NA,NA,"","Stoughton MA"
"150",2,"","Church of St. John the Baptist",18,"Trenton","NJ","2/28/1864","3/10/1864",2800,"10","",NA,"","Paulist",NA,NA,NA,NA,"","Trenton NJ"
"151",2,"","Church of St. Patrick",21,"North Bridgewater","MA","4/3/1864","4/10/1864",1100,"1","",NA,"","Paulist",NA,NA,NA,NA,"","North Bridgewater MA"
"152",2,"","",23,"Webster","MA","4/17/1864","4/24/1864",700,"","",NA,"","Paulist",NA,NA,NA,NA,"","Webster MA"
"153",2,"","Church of St. William",24,"Ware","MA","5/1/1864","5/8/1864",1080,"2","",NA,"","Paulist",NA,NA,NA,NA,"","Ware MA"
"154",2,"","Church of Immaculate Conception",25,"Port Jervis","NY","9/11/1864","9/21/1864",750,"1","",NA,"","Paulist",NA,NA,NA,NA,"","Port Jervis NY"
"155",2,"","Church of St. Peter",26,"Southbridge","MA","10/2/1864","10/9/1864",730,"4","",NA,"","Paulist",NA,NA,NA,NA,"","Southbridge MA"
"156",2,"","Church of St. Mary",27,"Lancaster","OH","10/23/1864","10/31/1864",800,"3","",NA,"","Paulist",NA,NA,NA,NA,"","Lancaster OH"
"157",2,"","Church of the Assumption",31,"Brookline","MA","11/6/1864","11/14/1864",1200,"1","",NA,"","Paulist",NA,NA,NA,NA,"","Brookline MA"
"158",2,"","",31,"Brighton","MA","11/17/1864","11/17/1864",700,"3","",NA,"","Paulist",NA,NA,NA,NA,"","Brighton MA"
"159",2,"","Church of the Immaculate Conception",32,"Salem","MA","12/4/1864","12/13/1864",2100,"3","",NA,"","Paulist",NA,NA,NA,NA,"","Salem MA"
"160",2,"","Church of St. James",33,"Salem","MA","1/1/1865","1/11/1865",2551,"11","",NA,"","Paulist",NA,NA,NA,NA,"","Salem MA"
"161",2,"","Church of St. Thomas Aquinas",34,"Archibald","PA","1/29/1865","2/5/1865",1200,"","Philadelphia",NA,"","Paulist",NA,NA,NA,NA,"","Archibald PA"
"162",2,"","Church of Immaculate Conception",35,"Birmingham","CT","2/12/1865","2/20/1865",1600,"1","Hartford",NA,"","Paulist",NA,NA,NA,NA,"","Birmingham CT"
"163",2,"","Church of St. Gregory Thaumaturgus",36,"Milton","MA","3/12/1865","3/19/1865",1200,"1","",NA,"","Paulist",NA,NA,NA,NA,"","Milton MA"
"164",2,"","Church of St. Mary",37,"Clifton, Staten Island","NY","3/26/1865","4/4/1865",1600,"13","New York",NA,"","Paulist",NA,NA,NA,NA,"","Clifton, Staten Island NY"
"165",2,"","Church of St. John",38,"Newark","NJ","5/7/1865","5/14/1865",1400,"","",NA,"","Paulist",NA,NA,NA,NA,"","Newark NJ"
"166",2,"","Church of St. Ann",39,"Manchester","NH","9/24/1865","10/5/1865",2600,"","",NA,"","Paulist",NA,NA,NA,NA,"","Manchester NH"
"167",2,"","Church of St. Mary",41,"Cold Spring","NY","10/29/1865","11/5/1865",721,"","New York",NA,"","Paulist",NA,NA,NA,NA,"","Cold Spring NY"
"168",2,"","Church of the Immaculate Conception",51,"Nashua","NH","4/30/1871","5/7/1871",1261,"","Portland",NA,"","Paulist",NA,NA,NA,NA,"","Nashua NH"
"169",2,"","Church of St. Patrick",53,"North Bridgewater","MA","10/29/1871","11/5/1871",1400,"","Boston",NA,"","Paulist",NA,NA,NA,NA,"","North Bridgewater MA"
"170",2,"","Church of St. Gregory Thaumaturgus",54,"Milton","MA","2/25/1872","3/3/1872",2000,"","",NA,"","Paulist",NA,NA,NA,NA,"","Milton MA"
"171",2,"","Church of St. Paul",55,"Wilmington","DE","4/28/1872","5/5/1872",1300,"","Wilmington",NA,"","Paulist",NA,NA,NA,NA,"","Wilmington DE"
"172",2,"","St. Peter's Cathedral",56,"Wilmington","DE","10/29/1872","11/5/1872",1800,"","Wilmington",NA,"","Paulist",NA,NA,NA,NA,"","Wilmington DE"
"173",2,"","Church of the Sacred Heart",57,"Philadelphia","PA","11/10/1872","11/18/1872",1500,"9","Philadelphia",NA,"","Paulist",NA,NA,NA,NA,"","Philadelphia PA"
"174",2,"","Church of Ss. Peter and Paul",58,"Sandusky","OH","11/24/1872","12/3/1872",1500,"2","Cleveland",NA,"","Paulist",NA,NA,NA,NA,"","Sandusky OH"
"175",2,"","Church of St. John the Evangelist",59,"Birmingham","PA","12/8/1872","12/18/1872",2150,"","",NA,"","Paulist",NA,NA,NA,NA,"","Birmingham PA"
"176",2,"","Church of St. Mary",60,"Randolph","MA","12/29/1872","1/5/1873",1600,"2","",NA,"","Paulist",NA,NA,NA,NA,"","Randolph MA"
"177",2,"","St. Theresa's Church",61,"New York","NY","1/12/1873","1/26/1873",6600,"10","New York",NA,"","Paulist",NA,NA,NA,NA,"","New York NY"
"178",2,"","Church of St. Mary",63,"Albany","NY","2/2/1873","2/12/1873",2780,"2","Albany",NA,"","Paulist",NA,NA,NA,NA,"","Albany NY"
"179",2,"","St. Peter's Cathedral",64,"Cincinnati","OH","2/23/1873","3/9/1873",3000,"2","Cincinnati",NA,"","Paulist",NA,NA,NA,NA,"","Cincinnati OH"
"180",2,"","Church of St. Paul the Apostle",65,"New York","NY","3/16/1873","3/30/1873",5500,"","New York",NA,"","Paulist",NA,NA,NA,NA,"","New York NY"
"181",2,"","Cathedral of St. Joseph",68,"Columbus","OH","4/20/1873","4/29/1873",2100,"","Columbus",NA,"","Paulist",NA,NA,NA,NA,"","Columbus OH"
"182",2,"","Church of the Sacred Heart",69,"Sharon","PA","5/4/1873","5/11/1873",700,"1","",NA,"","Paulist",NA,NA,NA,NA,"","Sharon PA"
"183",2,"","Church of the Holy Name",70,"New York","NY","5/18/1873","5/25/1873",1030,"","New York",NA,"","Paulist",NA,NA,NA,NA,"","New York NY"
"184",2,"","St. Elizabeth's Church",72,"Washington Heights","NY","9/21/1873","9/28/1873",1007,"","",NA,"","Paulist",NA,NA,NA,NA,"","Washington Heights NY"
"185",2,"","St. Mary's Church",73,"Fall River","MA","10/5/1873","10/19/1873",5300,"8","Providence",NA,"","Paulist",NA,NA,NA,NA,"","Fall River MA"
"186",2,"","St. Patrick's Church",76,"New London","CT","10/26/1873","11/4/1873",1400,"2","",NA,"","Paulist",NA,NA,NA,NA,"","New London CT"
"187",2,"","St. Mary's Church",78,"Providence","RI","11/2/1873","11/11/1873",4000,"","",NA,"","Paulist",NA,NA,NA,NA,"","Providence RI"
"188",2,"","Church of St. John the Baptist",79,"Canton","OH","11/16/1873","11/25/1873",700,"22","",NA,"","Paulist",NA,NA,NA,NA,"","Canton OH"
"189",2,"","St. Joseph's Cathedral",80,"Buffalo","NY","11/30/1873","12/14/1873",4500,"7","Buffalo",NA,"","Paulist",NA,NA,NA,NA,"","Buffalo NY"
"190",2,"","St. Malachy's Church",81,"Arlington","MA","1/4/1874","1/12/1874",1170,"4","Boston",NA,"","Paulist",NA,NA,NA,NA,"","Arlington MA"
"191",2,"","Church of St. Bridget",82,"Lexington","MA","1/4/1874","1/13/1874",400,"4","Boston",NA,"","Paulist",NA,NA,NA,NA,"","Lexington MA"
"192",2,"","Church of the Assumption",83,"East Boston","MA","1/16/1874","2/1/1874",2350,"18","Boston",NA,"","Paulist",NA,NA,NA,NA,"","East Boston MA"
"193",2,"","Church of St. Michael",84,"Brattleboro","VT","2/8/1874","2/15/1874",570,"2","",NA,"","Paulist",NA,NA,NA,NA,"","Brattleboro VT"
"194",2,"","Church of St. Joseph",87,"Kingston","NY","2/22/1874","3/2/1874",1400,"1","",NA,"","Paulist",NA,NA,NA,NA,"","Kingston NY"
"195",2,"","Church of the Sacred Heart",88,"Central Falls","NY","3/8/1874","3/16/1874",1450,"12","",NA,"","Paulist",NA,NA,NA,NA,"","Central Falls NY"
"196",2,"","St. Joseph's Church",90,"Circleville","OH","2/8/1874","2/17/1874",400,"8","",NA,"","Paulist",NA,NA,NA,NA,"","Circleville OH"
"197",2,"","St. Joseph's Church",92,"Fond du Lac","WI","2/22/1874","3/4/1874",1650,"2","Milwaukee",NA,"","Paulist",NA,NA,NA,NA,"","Fond du Lac WI"
"198",2,"","Church of the Holy Cross",93,"Ovid","NY","3/22/1874","3/29/1874",700,"3","",NA,"","Paulist",NA,NA,NA,NA,"","Ovid NY"
"199",2,"","Church of the Nativity",94,"New York","NY","4/12/1874","4/28/1874",4280,"6","New York",NA,"","Paulist",NA,NA,NA,NA,"","New York NY"
"200",2,"","Church of St. Rose of Lima",95,"Suffern","NY","5/3/1874","5/8/1874",150,"2","New York",NA,"","Paulist",NA,NA,NA,NA,"","Suffern NY"
"201",2,"","Church of St. Mary",95,"Greenwood","NY","5/10/1874","5/17/1874",260,"","",NA,"","Paulist",NA,NA,NA,NA,"","Greenwood NY"
"202",2,"","St. Jarlath's Church",98,"Chicago","IL","9/27/1874","10/7/1874",800,"1","Chicago",NA,"","Paulist",NA,NA,NA,NA,"","Chicago IL"
"203",2,"","Church of St. Pius",99,"Chicago","IL","10/11/1874","10/25/1874",1500,"12","Chicago",NA,"","Paulist",NA,NA,NA,NA,"","Chicago IL"
"204",2,"","Church of the Annunciation",100,"Manhattanville","NY","10/4/1874","10/14/1874",2600,"6","",NA,"","Paulist",NA,NA,NA,NA,"","Manhattanville NY"
"205",2,"","St. John's Church",102,"Trenton","NJ","10/25/1874","11/5/1874",2700,"6","",NA,"","Paulist",NA,NA,NA,NA,"","Trenton NJ"
"206",2,"","St. Mary's Church",103,"New Haven","CT","11/8/1874","11/19/1874",2600,"8","",NA,"","Paulist",NA,NA,NA,NA,"","New Haven CT"
"207",2,"","St. Mary's Church",104,"Jersey City","NJ","12/6/1874","12/20/1874",4800,"6","",NA,"","Paulist",NA,NA,NA,NA,"","Jersey City NJ"
"208",2,"","St. Mary's Cathedral",105,"Ogdensburg","NY","1/3/1875","1/14/1875",1850,"6","Ogdensburg",NA,"","Paulist",NA,NA,NA,NA,"","Ogdensburg NY"
"209",2,"","St. Mary's Cathedral",108,"San Francisco","CA","2/14/1875","2/28/1875",2800,"6","San Francisco",NA,"","Paulist",NA,NA,NA,NA,"","San Francisco CA"
"210",2,"","St. Francis Church",109,"San Francisco","CA","3/7/1875","3/16/1875",1350,"7","San Francisco",NA,"","Paulist",NA,NA,NA,NA,"","San Francisco CA"
"211",2,"","St. Mary's Church",111,"Oakland","CA","3/7/1875","3/16/1875",1700,"1","",NA,"","Paulist",NA,NA,NA,NA,"","Oakland CA"
"212",2,"","St. Patrick's Church",112,"San Francisco","CA","3/21/1875","4/5/1875",9000,"13","",NA,"","Paulist",NA,NA,NA,NA,"","San Francisco CA"
"213",2,"","Church of St. Rose of Lima",114,"Sacramento","CA","4/4/1875","4/14/1875",1600,"2","",NA,"","Paulist",NA,NA,NA,NA,"","Sacramento CA"
"214",2,"","Church of San Rafael",115,"San Rafael","CA","3/21/1875","3/28/1875",360,"9","",NA,"","Paulist",NA,NA,NA,NA,"","San Rafael CA"
"215",2,"","St. Peter's Church",116,"San Francisco","CA","4/11/1875","4/21/1875",1600,"5","",NA,"","Paulist",NA,NA,NA,NA,"","San Francisco CA"
"216",2,"","St. Joseph's Church",117,"San Jose","CA","4/18/1875","4/28/1875",1100,"","",NA,"","Paulist",NA,NA,NA,NA,"","San Jose CA"
"217",2,"","Church of the Holy Cross",119,"Santa Cruz","CA","4/25/1875","5/2/1875",650,"2","",NA,"","Paulist",NA,NA,NA,NA,"","Santa Cruz CA"
"218",2,"","St. Joseph's Cathedral",120,"Marysville","CA","5/16/1875","5/24/1875",550,"5","Sacramento",NA,"","Paulist",NA,NA,NA,NA,"","Marysville CA"
"219",2,"","Church of the Immaculate Conception",121,"Smartsville","CA","5/16/1875","5/24/1875",350,"2","",NA,"","Paulist",NA,NA,NA,NA,"","Smartsville CA"
"220",2,"","Church of the Immaculate Conception",122,"Virginia City","NV","5/30/1875","6/13/1875",1200,"3","",NA,"","Paulist",NA,NA,NA,NA,"","Virginia City NV"
"221",2,"","St. Patrick's Church",123,"Gold Hill","NV","5/30/1875","6/6/1875",660,"1","",NA,"","Paulist",NA,NA,NA,NA,"","Gold Hill NV"
"222",2,"","Church of Mary Magdalen",124,"Salt Lake City","UT","6/20/1875","6/27/1875",75,"1","",NA,"","Paulist",NA,NA,NA,NA,"","Salt Lake City UT"
"223",2,"","",125,"Ophir City","UT","6/20/1875","6/25/1875",37,"1","",NA,"","Paulist",NA,NA,NA,NA,"","Ophir City UT"
"224",2,"","Church of St. Michael",126,"Stillwater","MN","9/19/1875","9/30/1875",1200,"1","",NA,"","Paulist",NA,NA,NA,NA,"","Stillwater MN"
"225",2,"","Cathedral of St. Paul",127,"St. Paul","MN","10/3/1875","10/17/1875",2100,"6","",NA,"","Paulist",NA,NA,NA,NA,"","St. Paul MN"
"226",2,"","St. Mary's Church",130,"St. Paul","MN","10/24/1875","11/3/1875",1200,"6","",NA,"","Paulist",NA,NA,NA,NA,"","St. Paul MN"
"227",2,"","Church of the Immaculate Conception",132,"Minneapolis","MN","11/7/1875","11/21/1875",2200,"12","",NA,"","Paulist",NA,NA,NA,NA,"","Minneapolis MN"
"228",2,"","Church of the Immaculate Conception",133,"Faribault","MN","11/28/1875","12/8/1875",1300,"6","",NA,"","Paulist",NA,NA,NA,NA,"","Faribault MN"
"229",2,"","Church of St. Thomas",134,"Winona","MN","12/12/1875","12/19/1875",800,"10","",NA,"","Paulist",NA,NA,NA,NA,"","Winona MN"
"230",2,"","St. John's Church",135,"Baltimore","MD","1/9/1876","1/23/1876",4200,"29","",NA,"","Paulist",NA,NA,NA,NA,"","Baltimore MD"
"231",2,"","Church of St. Michael",136,"Penn Yan","NY","1/30/1876","2/9/1876",800,"2","Rochester",NA,"","Paulist",NA,NA,NA,NA,"","Penn Yan NY"
"232",2,"","Church of St. Rose of Lima",137,"Chelsea","MA","2/27/1876","3/12/1876",3200,"14","Boston",NA,"","Paulist",NA,NA,NA,NA,"","Chelsea MA"
"233",2,"","Church of St. Patrick",138,"Boston","MA","3/19/1876","4/9/1876",4000,"3","",NA,"","Paulist",NA,NA,NA,NA,"","Boston MA"
"234",2,"","Church of St. Michael",139,"Jersey City","NJ","4/23/1876","5/7/1876",5000,"7","",NA,"","Paulist",NA,NA,NA,NA,"","Jersey City NJ"
"235",2,"","Cathedral of St. Paul",141,"St. Paul","MN","9/10/1876","9/14/1876",1500,"","",NA,"","Paulist",NA,NA,NA,NA,"","St. Paul MN"
"236",2,"","St. Augustine's Church",142,"Austin","MN","9/17/1876","9/27/1876",790,"17","",NA,"","Paulist",NA,NA,NA,NA,"","Austin MN"
"237",2,"","St. Lawrence's Church",143,"Fountain","MN","10/1/1876","10/6/1876",440,"3","",NA,"","Paulist",NA,NA,NA,NA,"","Fountain MN"
"238",2,"","St. Patrick's Church",144,"Lanesboro","MN","10/8/1876","10/18/1876",620,"13","",NA,"","Paulist",NA,NA,NA,NA,"","Lanesboro MN"
"239",2,"","St. Patrick's Church",145,"Caledonia","MN","10/27/1876","10/30/1876",960,"6","",NA,"","Paulist",NA,NA,NA,NA,"","Caledonia MN"
"240",2,"","Church of St. Patrick",146,"Brownsville","MN","11/4/1876","11/9/1876",520,"8","",NA,"","Paulist",NA,NA,NA,NA,"","Brownsville MN"
"241",2,"","St. Thomas's Church",147,"Rochester","MN","11/19/1876","11/28/1876",1537,"8","",NA,"","Paulist",NA,NA,NA,516,"","Rochester MN"
"242",2,"","St. Bridget's Church",148,"Rochester","MN","11/29/1876","12/3/1876",626,"2","",NA,"","Paulist",NA,NA,NA,NA,"","Rochester MN"
"243",2,"","St. Mary's Church",149,"Waverly","MN","9/17/1876","9/24/1876",460,"11","",NA,"","Paulist",NA,NA,NA,NA,"","Waverly MN"
"244",2,"","St. Gerhard's Church",150,"Forest City","MN","10/1/1876","10/10/1876",700,"3","",NA,"","Paulist",NA,NA,NA,NA,"","Forest City MN"
"245",2,"","St. Mary's Church",151,"Shakopee","MN","10/15/1876","10/22/1876",415,"3","",NA,"","Paulist",NA,NA,NA,NA,"","Shakopee MN"
"246",2,"","Church of the Sacred Heart",152,"Belle Plaine","MN","10/29/1876","11/7/1876",1030,"4","",NA,"","Paulist",NA,NA,NA,NA,"","Belle Plaine MN"
"247",2,"","St. Mary's Church",153,"Le Sueur","MN","11/12/1876","11/19/1876",520,"2","",NA,"","Paulist",NA,NA,NA,NA,"","Le Sueur MN"
"248",2,"","St. Patrick's Church",154,"Shieldsville","MN","11/26/1876","12/6/1876",1100,"3","",NA,"","Paulist",NA,NA,NA,NA,"","Shieldsville MN"
"249",2,"","Church of the Guardian Angels",155,"Hastings","MN","9/17/1876","9/26/1876",1050,"1","",NA,"","Paulist",NA,NA,NA,NA,"","Hastings MN"
"250",2,"","St. Joseph's Church",156,"Red Wing","MN","10/1/1876","10/6/1876",240,"0","",NA,"","Paulist",NA,NA,NA,NA,"","Red Wing MN"
"251",2,"","St. Mary's Church",157,"Lake City and West Albany","MN","10/8/1876","10/17/1876",443,"2","",NA,"","Paulist",NA,NA,NA,NA,"","Lake City and West Albany MN"
"252",2,"","Church of St. Felix of Valois",159,"Wabasha","MN","10/22/1876","10/29/1876",470,"1","",NA,"","Paulist",NA,NA,NA,NA,"","Wabasha MN"
"253",2,"","Church of the Immaculate Conception",160,"Highland","MN","10/29/1876","11/2/1876",370,"1","",NA,"","Paulist",NA,NA,NA,NA,"","Highland MN"
"254",2,"","Church of the Sacred Heart",162,"Owatonna","MN","11/5/1876","11/12/1876",400,"3","",NA,"","Paulist",NA,NA,NA,NA,"","Owatonna MN"
"255",2,"","Church of St. Charles Borromeo",163,"St. Charles","MN","11/19/1876","11/24/1876",375,"1","",NA,"","Paulist",NA,NA,NA,NA,"","St. Charles MN"
"256",2,"","Church of Ss. Peter and Paul",164,"Hart","MN","11/26/1876","11/29/1876",215,"2","",NA,"","Paulist",NA,NA,NA,NA,"","Hart MN"
"257",2,"","Church of Our Lady, Help of Christians",165,"Sioux City","IA","12/3/1876","12/13/1876",750,"6","Dubuque",NA,"","Paulist",NA,NA,NA,NA,"","Sioux City IA"
"258",2,"","",166,"Yankton","SD","12/10/1876","12/17/1876",320,"5","St. Paul",NA,"","Paulist",NA,NA,NA,NA,"","Yankton SD"
"259",2,"","Church of the Immaculate Conception",168,"Ithaca","NY","12/31/1876","1/9/1877",1120,"7","Rochester",NA,"","Paulist",NA,NA,NA,NA,"","Ithaca NY"
"260",2,"","Church of the Holy Family",170,"Auburn","NY","1/21/1877","2/4/1877",3500,"3","Rochester",NA,"","Paulist",NA,NA,NA,NA,"","Auburn NY"
"261",2,"","Church of St. Lucy",172,"Syracuse","NY","1/21/1877","1/30/1877",1500,"5","",NA,"","Paulist",NA,NA,NA,NA,"","Syracuse NY"
"262",2,"","Church of the Epiphany",173,"New York","NY","2/11/1877","2/25/1877",5300,"0","",NA,"","Paulist",NA,NA,NA,NA,"","New York NY"
"263",2,"","St. Bridget's Church",175,"New York","NY","3/4/1877","3/18/1877",8000,"15","",NA,"","Paulist",NA,NA,NA,NA,"","New York NY"
"264",2,"","St. Francis de Sales Church",177,"Charlestown","NY","4/8/1877","4/24/1877",6900,"25","",NA,"","Paulist",NA,NA,NA,NA,"","Charlestown NY"
"265",2,"","St John Baptist Church",180,"Salina","NY","4/29/1877","5/9/1877",1900,"3","",NA,"","Paulist",NA,NA,NA,NA,"","Salina NY"
"266",2,"","Church of the Sacred Heart",181,"Weymouth","MA","4/29/1877","5/9/1877",1700,"0","",NA,"","Paulist",NA,NA,NA,NA,"","Weymouth MA"
"267",2,"","",183,"Everett","MA","5/13/1877","5/20/1877",468,"5","",NA,"","Paulist",NA,NA,NA,NA,"","Everett MA"
"268",2,"","St. James Church",186,"Bay City","MI","9/16/1877","9/26/1877",1700,"7","",NA,"","Paulist",NA,NA,NA,NA,"","Bay City MI"
"269",2,"","St. Pius Church",187,"Chicago","IL","9/30/1877","10/11/1877",1280,"0","",NA,"","Paulist",NA,NA,NA,NA,"","Chicago IL"
"270",2,"","St. James Church",189,"Chicago","IL","10/21/1877","11/7/1877",3086,"8","",NA,"","Paulist",NA,NA,NA,NA,"","Chicago IL"
"271",2,"","St. Aloysius Church",191,"Detroit","MI","11/18/1877","12/4/1877",2000,"","",NA,"","Paulist",NA,NA,NA,NA,"","Detroit MI"
"272",2,"","St. John's Church",193,"Indianapolis","IN","12/9/1877","12/22/1877",3790,"4","",NA,"","Paulist",NA,NA,NA,NA,"","Indianapolis IN"
"273",2,"","Church of OUr Lady of Perpetual Help",196,"Defiance","OH","9/30/1877","10/10/1877",450,"1","",NA,"","Paulist",NA,NA,NA,NA,"","Defiance OH"
"274",2,"","St Stephen's Church",197,"Flora","IL","10/14/1877","10/21/1887",150,"4","Alton",NA,"","Paulist",NA,NA,NA,NA,"","Flora IL"
"275",2,"","Church of St. Charles Borromeo",198,"Charleston","IL","10/28/1877","11/4/1877",160,"0","Alton",NA,"","Paulist",NA,NA,NA,NA,"","Charleston IL"
"276",2,"","Church Regina Coeli",199,"Marshall","IL","11/4/1877","11/13/1877",340,"7","Alton",NA,"","Paulist",NA,NA,NA,NA,"","Marshall IL"
"277",2,"","Church of St. Mary",200,"Paris","IL","11/18/1877","11/25/1877",462,"2","Alton",NA,"","Paulist",NA,NA,NA,NA,"","Paris IL"
"278",2,"","Church of St. Mary's",201,"St. Mary's of the Woods","IN","11/25/1877","12/4/1877",315,"5","Vincennes",NA,"","Paulist",NA,NA,NA,NA,"","St. Mary's of the Woods IN"
"279",2,"","Church of St. Patrick",202,"Galesburg","IL","12/9/1877","12/19/1877",1000,"2","Peoria",NA,"","Paulist",NA,NA,NA,NA,"","Galesburg IL"
"280",2,"","Church of St. Paul the Apostle",204,"New York","NY","1/6/1878","1/27/1878",6200,"6","New York",NA,"","Paulist",NA,NA,NA,NA,"","New York NY"
"281",2,"","St. Bernard's Church",206,"Rockville","CT","1/21/1878","1/29/1878",1058,"6","Hartford",NA,"","Paulist",NA,NA,NA,NA,"","Rockville CT"
"282",2,"","St. Paul's Church 117th St.",207,"Harlem","NY","2/3/1878","2/17/1878",4539,"0","New York",NA,"","Paulist",NA,NA,NA,NA,"","Harlem NY"
"283",2,"","St. Augustine's Church",208,"South Boston","MA","3/3/1878","3/24/1878",5674,"11","Boston",NA,"1000","Paulist",NA,NA,NA,NA,"","South Boston MA"
"284",2,"","St Bridget's Church",210,"Cleveland","OH","3/31/1878","4/10/1878",1323,"1","",NA,"","Paulist",NA,NA,NA,NA,"","Cleveland OH"
"285",2,"","Church of St. Antony of Padua",212,"White River Junction","VT","3/10/1878","3/17/1878",550,"2","",NA,"","Paulist",NA,NA,NA,NA,"","White River Junction VT"
"286",2,"","St. Mary's Church",214,"Bellows Falls","VT","3/24/1878","4/1/1878",612,"1","",NA,"","Paulist",NA,NA,NA,NA,"","Bellows Falls VT"
"287",2,"","",215,"Sandy Hill, Hudson Falls","NY","4/7/1878","4/16/1878",1100,"8","",NA,"","Paulist",NA,NA,NA,NA,"The mission was held in Sandy Hills, which is probably Hudson, NY.","Sandy Hill, Hudson Falls NY"
"288",2,"","Church of St. Bridget",216,"North Manchester","CT","5/5/1878","5/5/1878",645,"1","Hartford",NA,"","Paulist",NA,NA,NA,NA,"","North Manchester CT"
"289",2,"","Church of St. James",217,"South Manchester","CT","5/5/1878","5/12/1878",845,"1","Hartford",NA,"","Paulist",NA,NA,NA,NA,"","South Manchester CT"
"290",2,"","",219,"Brockton","MA","4/28/1878","5/6/1878",2322,"7","Boston",NA,"","Paulist",NA,NA,NA,NA,"","Brockton MA"
"291",2,"","",220,"West Roxbury","MA","5/12/1878","5/21/1878",424,"3","Boston",NA,"","Paulist",NA,NA,NA,NA,"","West Roxbury MA"
"292",2,"","Church of the Epiphany",229,"Monmouth","IL","9/29/1878","10/7/1878",510,"1","Peoria",NA,"","Paulist",NA,NA,NA,NA,"","Monmouth IL"
"293",2,"","Church of Immaculate Conception",230,"Lacon","IL","10/13/1878","10/20/1878",360,"0","Peoria",NA,"","Paulist",NA,NA,NA,NA,"","Lacon IL"
"294",2,"","Church of St. Patrick",231,"Camp Grove","IL","10/20/1878","10/27/1878",580,"1","Peoria",NA,"","Paulist",NA,NA,NA,NA,"","Camp Grove IL"
"295",2,"","Church of St. Patrick",232,"O'Fallon","IL","11/3/1878","11/10/1878",380,"1","Chicago",NA,"","Paulist",NA,NA,NA,NA,"","O'Fallon IL"
"296",2,"","",232,"Morrison","IL","11/3/1878","11/10/1878",127,"","",NA,"","Paulist",NA,NA,NA,NA,"","Morrison IL"
"297",2,"","",233,"","IL","11/14/1878","11/17/1878",93,"","",NA,"","Paulist",NA,NA,NA,NA,""," IL"
"298",2,"","",233,"Savannah","IL","11/14/1878","11/17/1878",130,"","",NA,"","Paulist",NA,NA,NA,NA,"","Savannah IL"
"299",2,"","",233,"Sabula","IL","11/24/1878","11/24/1878",86,"","",NA,"","Paulist",NA,NA,NA,NA,"","Sabula IL"
"300",2,"","",234,"Lyons","IA","11/24/2013","12/1/2013",860,"1","Dubuque",NA,"","Paulist",NA,NA,NA,NA,"","Lyons IA"
"301",2,"","Church of St. Paul of the Cross",235,"Jersey City","NY","9/22/1878","10/2/1878",1343,"3","",NA,"","Paulist",NA,NA,NA,NA,"","Jersey City NY"
"302",2,"","",236,"Garder","MA","10/6/1878","10/10/1878",975,"","Springfield",NA,"","Paulist",NA,NA,NA,NA,"","Garder MA"
"303",2,"","",239,"Winchendon","MA","10/13/1878","10/21/1878",625,"","Springfield",NA,"","Paulist",NA,NA,NA,NA,"","Winchendon MA"
"304",2,"","",240,"Shullsburg","WI","10/27/1878","11/6/1878",1149,"5","Milwaukee",NA,"","Paulist",NA,NA,NA,NA,"","Shullsburg WI"
"305",2,"","St. Pius Church",342,"Chicago","IL","11/10/1878","11/17/1878",1100,"","",NA,"","Paulist",NA,NA,NA,NA,"","Chicago IL"
"306",2,"","St. Francis de Sales Church",343,"Toledo","OH","11/24/1878","12/4/1878",1688,"0","Cleveland",NA,"","Paulist",NA,NA,NA,NA,"","Toledo OH"
"307",2,"","St. Mary's Church",344,"Albany","NY","12/8/1878","12/22/1878",3368,"","",NA,"","Paulist",NA,NA,NA,NA,"","Albany NY"
"308",2,"","Church of the Holy Rosary",346,"Newburgh","OH","1/5/1879","1/20/1879",1960,"","",NA,"","Paulist",NA,NA,NA,NA,"","Newburgh OH"
"309",2,"","St. Raphael's Church",347,"Madison","WI","1/26/1879","2/5/1879",1896,"8","",NA,"","Paulist",NA,NA,NA,NA,"","Madison WI"
"310",2,"","All Saint's Church",348,"Chicago","IL","2/9/1879","2/23/1879",2163,"5","Chicago",NA,"","Paulist",NA,NA,NA,NA,"","Chicago IL"
"311",2,"","St. Patrick's Church",349,"Providence","RI","3/2/1879","3/16/1879",3507,"","",NA,"","Paulist",NA,NA,NA,NA,"","Providence RI"
"312",2,"","St Mary's Church",350,"New London","CT","3/23/1879","4/2/1879",1826,"4","",NA,"","Paulist",NA,NA,NA,NA,"","New London CT"
"313",2,"","St. Thomas Aquinas's Church",352,"Bridgewater","CT","4/20/1879","4/29/1879",1158,"","",NA,"","Paulist",NA,NA,NA,NA,"","Bridgewater CT"
"314",2,"","",353,"West Roxbury","MA","5/4/1879","5/12/1879",984,"3","",NA,"","Paulist",NA,NA,NA,NA,"","West Roxbury MA"
"315",2,"","St. Leo's Church",354,"Leominster","MA","5/18/1879","5/25/1879",725,"","",NA,"","Paulist",NA,NA,NA,NA,"","Leominster MA"
"316",3,"","",5,"Franklin","PA","9/17/1882","9/24/1882",432,"6","Erie",NA,"","",NA,NA,NA,NA,"","Franklin PA"
"317",3,"","St. Jerome's Church",6,"New York","NY","10/1/1882","10/16/1882",2210,"1","New York",NA,"","",NA,NA,NA,NA,"","New York NY"
"318",3,"","St. Teresa's Church",8,"Brooklyn","NY","10/22/1882","11/5/1882",2740,"2","Brooklyn",NA,"","",NA,NA,NA,NA,"","Brooklyn NY"
"319",3,"","St. John's Church",10,"Bellaire","OH","11/12/1882","11/27/1882",830,"2","Columbus",NA,"","",NA,NA,NA,NA,"","Bellaire OH"
"320",3,"","St. Patrick's Church",12,"Brockton","MA","11/26/1882","12/10/1882",2918,"1","",NA,"","",NA,NA,NA,NA,"","Brockton MA"
"321",3,"","St. Leo's Church",14,"Irvington","NJ","12/17/1882","12/22/1882",125,"","",NA,"","",NA,NA,NA,NA,"","Irvington NJ"
"322",3,"","",15,"Milford","MA","12/31/1882","1/10/1883",2700,"1","",NA,"","",NA,NA,NA,NA,"","Milford MA"
"323",3,"","St. Paul the Apostle",17,"New York","NY","12/31/1882","1/28/1883",6825,"21","",6675,"150","",NA,NA,NA,NA,"","New York NY"
"324",3,"","Church of the Sacred Heart",20,"East Cambridge","MA","2/4/1883","",5490,"2","",4690,"800","",NA,NA,NA,NA,"","East Cambridge MA"
"325",3,"","St. Bridget's Church",23,"New York","NY","3/4/1883","3/25/1883",6082,"9","",5240,"692","",NA,NA,NA,NA,"","New York NY"
"326",3,"","St. Ann's Church",26,"Baltimore","MD","4/15/1883","4/22/1883",970,"1","",NA,"","",NA,NA,NA,NA,"","Baltimore MD"
"327",3,"retreat","St. Rose of Lima",29,"New York","NY","4/15/1883","4/22/1883",850,"","",NA,"","",NA,NA,NA,NA,"","New York NY"
"328",3,"retreat","St. Rose of Lima",30,"Chelsea","MA","4/22/1883","4/29/1883",1050,"","",NA,"","",NA,NA,NA,NA,"","Chelsea MA"
"329",3,"","",31,"Rockland","MA","5/6/1883","5/13/1883",1015,"1","",NA,"","",NA,NA,NA,NA,"","Rockland MA"
"330",3,"","",33,"Abington","MA","5/13/1883","5/20/1883",952,"","",NA,"","",NA,NA,NA,NA,"","Abington MA"
"331",3,"","",34,"Suffern","NY","5/13/1883","5/21/1883",170,"2","",NA,"","",NA,NA,NA,NA,"","Suffern NY"
"332",3,"","St. Marys Church",34,"Houlton","ME","5/27/1883","6/3/1883",470,"2","",NA,"","",NA,NA,NA,NA,"","Houlton ME"
"333",3,"","",36,"Fort Fairfield","ME","6/5/1883","6/10/1883",230,"","",NA,"","",NA,NA,NA,NA,"","Fort Fairfield ME"
"334",3,"","St. Paul's Church",38,"Kensington","CT","5/6/1883","5/13/1883",395,"","",NA,"","",NA,NA,NA,NA,"","Kensington CT"
"335",3,"","Our Lady of Mercy",39,"Plainville ","CT","5/13/1883","5/20/1883",298,"","",NA,"","",NA,NA,NA,NA,"","Plainville  CT"
"336",3,"","St. Elizabeth's Church",43,"Fort Washington","NY","9/16/1883","9/23/1883",670,"","",NA,"","",NA,NA,NA,NA,"","Fort Washington NY"
"337",3,"","St. John's Church",43,"Kings Bridge","NY","9/16/1883","9/23/1883",540,"","",NA,"","",NA,NA,NA,NA,"","Kings Bridge NY"
"338",3,"","",46,"Plymouth ","MA","9/16/1883","9/23/1883",575,"","",NA,"","",NA,NA,NA,NA,"","Plymouth  MA"
"339",3,"","",47,"Kingston","MA","9/16/1883","9/19/1883",190,"","",NA,"","",NA,NA,NA,NA,"","Kingston MA"
"340",3,"","St. Peter's Church",49,"Poughkeepsie","NY","9/30/1883","10/7/1883",2500,"1","",NA,"","",NA,NA,NA,NA,"","Poughkeepsie NY"
"341",3,"","St. Patrick's Church",52,"Audenried","PA","9/30/1883","10/7/1883",1600,"1","",NA,"","",NA,NA,NA,NA,"","Audenried PA"
"342",3,"","St. Patrick's Church",52,"Beaver Meadows","PA","9/30/1883","10/7/1883",535,"","",NA,"","",NA,NA,NA,NA,"","Beaver Meadows PA"
"343",3,"","Church of Our Lady of Perpetual Help",56,"Defiance","OH","10/14/1883","10/31/1883",625,"","",NA,"","",NA,NA,NA,NA,"","Defiance OH"
"344",3,"retreat","St. Patrick's Church",58,"Brooklyn","NY","10/7/1883","10/14/1883",1500,"","",NA,"","",NA,NA,NA,NA,"","Brooklyn NY"
"345",3,"retreat","Church of the Sacred Heart",59,"Brooklyn","NY","10/21/1883","10/28/1883",1000,"","",NA,"","",NA,NA,NA,NA,"","Brooklyn NY"
"346",3,"","Church of the Holy Angels",60,"Chicago","IL","10/14/1883","10/21/1883",625,"","",NA,"","",NA,NA,NA,NA,"","Chicago IL"
"347",3,"","Church of St. Peter and Paul",61,"Sandusky","OH","10/28/1883","11/5/1883",1362,"1","",NA,"","",NA,NA,NA,NA,"","Sandusky OH"
"348",3,"","St. Mary's",62,"Harford Co.","MD","10/28/1883","11/4/1883",217,"","",NA,"","",NA,NA,NA,NA,"","Harford Co. MD"
"349",3,"","St. Ignatius' Church",63,"Hickory","MD","11/4/1883","11/13/1883",563,"3","",NA,"","",NA,NA,NA,NA,"","Hickory MD"
"350",3,"","",64,"Port Deposit","MD","11/18/1883","11/25/1883",203,"1","",NA,"","",NA,NA,NA,NA,"","Port Deposit MD"
"351",3,"","St. Michael's Church",65,"Jersey City","NJ","11/11/1883","12/2/1883",4764,"12","",NA,"","",NA,NA,NA,NA,"","Jersey City NJ"
